OFF
2324 4710 0
8.84915 5.92512 1.11809 
7.81225 6.0135 0.354384 
8.8095 6.02023 -0.452149 
11.7998 5.91185 1.07634 
11.7982 5.70278 1.94955 
10.9117 5.98864 0.664857 
11.7998 5.28058 2.87447 
2.15361 0.594159 5.99992 
2.09519 2.05782 6.03178 
3.45633 1.67993 5.79194 
4.50456 2.66278 5.3824 
4.83145 4.13727 5.21853 
5.05021 3.26843 5.0613 
5.78121 3.97544 4.50105 
7.1926 5.40188 -2.66603 
6.64066 4.87083 -3.55531 
8.85229 4.69073 -3.78125 
11.0019 5.99169 -0.632089 
-1.59836 -8.84114 -4.97101 
-1.94073 -9.99991 -4.72296 
-0.645099 -9.99843 -5.52123 
-3.98181 -8.86997 -1.68132 
-4.19783 -8.77115 -0.561384 
-4.16045 -9.99963 -0.859341 
-3.97908 -5.76263 -1.72407 
-3.86842 -9.99945 -2.01721 
-3.56584 -8.84998 -2.72673 
7.81828 -6.01565 -0.297058 
8.93867 -5.98603 0.79465 
8.70416 -5.99042 -0.735459 
10.8488 -5.99731 0.635572 
8.80669 0.652656 16.7374 
8.80878 -0.58711 18.9998 
8.78305 -0.846449 16.5804 
8.75715 1.0128 18.9998 
8.51179 2.07495 16.703 
10.9411 -5.99784 -0.631741 
6.65602 -4.86281 3.5574 
8.1256 -3.9867 4.51706 
8.71861 -4.68296 3.78962 
9.17106 -5.22477 2.99777 
7.14268 -5.35229 2.75947 
11.7991 -5.14388 3.13467 
9.58191 -5.60677 2.20039 
7.53005 -5.74929 1.8175 
7.76054 -5.95705 0.80583 
7.79868 -7.35007 0.498136 
7.62591 -6.54178 1.48911 
6.37926 -6.2716 3.91377 
6.98905 -5.82084 3.03092 
6.92961 -7.28234 3.14529 
6.30478 -8.5138 3.99737 
6.95261 -9.99952 3.11959 
7.35684 -7.93752 2.30271 
7.34341 -6.08285 2.32603 
7.4118 -9.99922 2.15331 
7.64351 -8.50331 1.42536 
4.67086 -2.83958 5.29537 
5.18354 -3.42289 4.96367 
4.79618 -4.90646 5.23658 
3.43383 -8.22733 5.80189 
4.56442 -6.92805 5.35486 
4.55638 -8.77209 5.35524 
5.56494 -5.66028 4.69499 
3.71025 -9.99937 5.70953 
5.51954 -7.70674 4.73899 
-6.77708 -6.00586 0.59603 
-5.03177 -5.99673 0.636892 
-6.83158 -5.98682 -0.77556 
-4.00186 -5.80537 1.60029 
-3.88068 -5.7044 1.95718 
-4.19949 -5.99617 0.54449 
-3.96439 -7.98187 1.76292 
-6.98503 -5.73449 1.85631 
-8.19963 -5.9576 0.895889 
-8.19961 -2.84956 5.29795 
-7.26495 -2.07258 5.65578 
-7.25161 -3.07966 5.17121 
-1.33332 -3.16773 5.1288 
-0.773766 -4.19486 5.46262 
-1.93607 -3.71407 4.71512 
-1.57237 -6.5863 4.99268 
-2.59231 -5.67432 4.12915 
-1.68727 -5.0755 4.90949 
-2.89778 -4.71627 3.74666 
-2.16382 -3.98378 4.51077 
-2.41594 -4.21042 4.28279 
-8.19962 -5.76181 -1.74931 
-7.26585 -5.66905 -2.04133 
-8.19963 -5.31546 -2.81644 
-7.26053 -5.17221 -3.0777 
-4.82728 -5.71084 -1.96137 
-5.17965 -5.12774 -3.1458 
-6.48994 -4.55677 -3.93089 
4.70443 -2.8666 -5.2803 
4.87811 -4.63238 -5.19541 
5.11222 -3.32146 -5.02754 
-1.69672 5.1706 -4.90238 
-0.830999 4.69831 -5.43751 
-0.553185 6.46067 -5.55391 
-0.690656 2.45789 -5.48932 
-1.44571 3.2821 -5.05407 
1.26927 0.555561 -5.99536 
0.98377 -0.64209 -5.98784 
2.15288 0.593043 -5.99993 
1.87332 -0.349933 -6.01859 
3.46901 -6.27401 -5.8034 
4.57678 -6.58624 -5.35225 
3.28571 -8.12706 -5.8464 
8.48955 -2.15753 18.9994 
8.50381 -2.09733 16.3037 
3.48362 -6.82099 17.7956 
2.14264 -7.03521 18.9988 
2.16153 -7.02144 16.3011 
4.61844 -6.4271 18.9994 
4.48175 -6.48336 17.1845 
8.04249 -3.20563 17.944 
8.56246 -1.90481 11.1512 
8.11189 -3.07414 12.7485 
8.13857 -3.01669 10.8144 
8.49109 -2.1236 9.99996 
8.09612 -3.08059 10 
7.5728 -3.99022 12.2479 
4.39282 -8.55304 -5.44275 
5.61069 -6.9818 -4.68251 
6.32277 -7.78925 -3.98545 
5.40243 -8.98695 -4.82703 
4.54506 -9.99951 -5.36066 
8.80879 0.585674 -18.9998 
8.78302 0.84656 -16.5823 
8.80672 -0.652415 -16.7395 
-3.10195 6.64337 -3.49666 
-2.58678 5.68039 -4.13397 
-2.32264 7.38102 -4.38778 
-1.99539 3.7749 -4.66598 
-4.19002 5.98562 -0.621282 
-4.20007 6.00179 0.516684 
-6.8298 5.97061 -0.831946 
-4.98506 5.90379 -1.18499 
-6.76402 6.00199 0.588188 
-8.19966 6.02074 -0.310751 
-7.02259 5.6533 -2.06944 
6.18819 4.38023 -4.10808 
6.38506 6.2636 -3.90743 
7.03093 5.21795 -2.9662 
6.92742 7.28331 -3.14909 
6.29651 8.51881 -4.0083 
4.48526 2.66844 -5.38629 
5.1457 3.38702 -4.98852 
4.76598 4.33375 -5.25122 
3.91318 2.18298 -5.63279 
3.46867 1.5661 -5.80075 
-1.41906 8.50401 -5.09013 
-1.54504 6.79488 -5.014 
-0.382301 8.20488 -5.62016 
0.778209 8.04386 -5.94469 
0.661656 6.28116 -5.9331 
0.596438 4.73475 -5.92116 
0.639774 3.37486 -5.92334 
-0.116349 1.96294 -5.69391 
0.740772 1.06398 -5.92838 
2.09398 2.05916 -6.03173 
3.43595 8.36112 -5.80279 
3.41028 6.36392 -5.81403 
4.56578 8.25118 -5.35078 
4.57683 6.19255 -5.3483 
4.36427 9.99946 -5.44589 
2.127 8.09693 -6.02648 
2.08754 6.35792 -6.03063 
-4.95035 5.80765 1.64898 
-3.98832 5.77253 1.69257 
-7.04466 5.71182 1.91872 
7.80149 7.39209 -0.467919 
7.76947 5.96466 -0.740573 
7.78442 8.61684 0.641178 
7.82455 9.99927 -0.31472 
9.85994 5.25591 -2.94837 
11.0677 5.74716 -1.82882 
9.28155 5.75538 -1.78479 
7.63006 6.59499 -1.48072 
7.59282 5.79783 -1.61112 
7.64999 8.4886 -1.40437 
8.4914 2.15079 -18.9994 
8.50373 2.09705 -16.3056 
8.04487 3.20083 -17.9622 
7.6001 3.94546 -18.9997 
7.50049 4.09021 -17.2289 
6.86994 4.8528 -18.9986 
8.11117 3.07557 -12.7492 
8.13766 3.01831 -10.812 
8.56086 1.90961 -11.1492 
8.07263 3.12807 -9.99986 
8.48191 2.1509 -9.99989 
7.57278 3.99023 -12.2477 
5.69484 5.03779 4.59643 
6.32489 4.53507 3.95639 
4.51078 7.7135 5.37968 
5.5824 6.82245 4.69452 
4.60058 5.81901 5.33851 
6.31246 7.75096 3.99446 
5.39995 8.69754 4.8297 
4.34735 9.99923 5.46733 
-5.65504 5.26294 2.93222 
-3.87613 9.99934 1.9963 
-3.57234 8.83685 2.71247 
-3.98345 8.86402 1.67672 
-0.666315 2.44299 5.49905 
-1.5105 3.31975 5.02634 
-0.726174 4.99188 5.48244 
-8.1995 -0.491903 6.00731 
-6.75996 0.557422 6.00903 
-6.82628 -0.832144 5.97681 
-6.98149 1.86973 5.73179 
-4.99675 1.94673 5.7116 
-5.27238 3.02004 5.21544 
-3.52557 3.15279 5.13577 
-7.33664 2.95483 5.24812 
-5.74256 3.89204 4.59349 
-3.80474 3.99442 4.50415 
-3.03552 7.33993 3.58467 
-3.04338 9.04636 3.57143 
-2.41348 6.27998 4.30188 
-3.12318 6.02565 3.45305 
-3.58951 6.74464 2.68187 
-3.52623 5.34419 2.79617 
-2.88816 4.68834 3.77284 
-4.56987 4.69199 3.77385 
-6.52584 4.58989 3.89823 
-3.69554 -4.36321 16.5834 
-2.96826 -5.15185 18.9986 
-3.77746 -4.25758 18.9996 
-4.6842 -2.67557 11.6426 
-4.93528 -1.96018 10.0004 
-4.55666 -2.96043 10 
-4.22784 -3.58569 10.9884 
-4.18053 -3.64781 10.0002 
-3.7586 -4.26762 -10.0001 
-4.24662 -3.55227 -10.0003 
-3.75584 -4.28703 -11.1083 
-4.31631 -3.43773 -11.7225 
0.75879 -6.94717 10.9471 
-0.404709 -6.665 11.5547 
-0.357494 -6.69335 9.99982 
1.9877 9.99786 -6.02556 
3.20176 9.99896 -5.85858 
9.20691 5.57266 2.25758 
7.64863 7.22049 1.39703 
7.66044 5.85866 1.33267 
10.4931 5.20295 3.02765 
8.65912 5.24263 2.9473 
9.71469 4.65628 3.81421 
7.60768 4.7864 3.65625 
6.58531 4.77229 3.67407 
7.11585 5.31624 2.79778 
7.0691 6.63392 2.91492 
8.65256 3.99518 4.50763 
6.93411 4.00084 4.49554 
11.7994 3.11324 5.1607 
10.7315 3.94761 4.53978 
11.7999 3.93528 4.53869 
10.0431 -3.83494 4.64325 
6.1911 -4.38331 4.10456 
9.48074 -2.96397 5.24735 
7.85437 -3.1209 5.157 
9.21807 -1.91466 5.7196 
11.0758 -1.79749 5.75254 
10.7674 -4.5624 3.92222 
11.7994 -3.9644 4.52851 
11.7987 -5.70484 1.94255 
11.7998 -5.87009 1.27159 
11.7987 -2.90726 5.28472 
11.7997 -1.87953 5.71003 
11.7991 4.63589 3.85233 
3.47716 -3.36914 5.79741 
3.35616 -1.49763 5.81839 
3.82645 -2.04918 5.66598 
4.77615 -0.726427 5.99195 
2.46139 -0.602868 5.98957 
9.15806 -0.64349 6.00236 
10.9408 -0.600352 5.99983 
10.9082 0.670501 5.98891 
11.7995 0.354212 6.00902 
4.6568 2.07986 5.66177 
6.08104 2.04472 5.67778 
9.20698 0.702172 5.99434 
11.799 1.90374 5.71647 
11.7998 3.10868 5.57314 
9.25867 2.02011 5.68467 
7.58497 -3.97867 10.0012 
6.93701 -4.77939 11.5184 
6.86036 -4.85612 10.0002 
-0.569042 -5.74117 5.54578 
-0.465143 -7.32634 5.58518 
-1.41402 -8.22989 5.09448 
0.715764 -6.12431 5.93511 
0.806051 -7.70553 5.94773 
2.08508 -6.26523 6.02814 
2.16766 -7.86473 6.01802 
-0.253161 -9.99629 5.68117 
-1.47539 -9.99831 5.06035 
2.44517 -9.99859 5.99252 
1.99122 -7.02777 -16.3424 
0.679138 -6.94175 -18.9989 
2.21947 -7.01384 -18.9995 
0.891959 -6.9698 -10.0022 
-0.400608 -6.67584 -10.0009 
-0.318432 -6.69582 -12.1635 
0.823404 -6.95887 -12.6377 
3.31513 -6.86007 -16.4991 
0.723711 -6.94208 -16.0145 
-0.421235 -6.6564 -17.3945 
2.05323 -7.02307 -12.9466 
0.750153 -6.9472 -14.3288 
2.05009 -7.02483 -14.5209 
3.31356 -6.85858 -13.0922 
3.32054 -6.859 -14.7311 
4.26005 -6.56391 -10 
2.84035 -6.92312 -10.0002 
3.29998 -6.86122 -10.0024 
4.37961 -6.52673 -11.4618 
2.11128 -7.01634 -10.0021 
0.68909 -2.01758 -5.93183 
3.4831 -3.35722 -5.79608 
3.52615 -4.70244 -5.79008 
3.82438 -2.04312 -5.66752 
3.35565 -1.4972 -5.81852 
2.461 -0.601646 -5.98965 
2.08614 -2.03094 -6.02961 
2.05921 -6.28264 -6.03173 
0.646769 -7.90686 -5.92393 
2.02999 -7.93112 -6.03092 
2.01921 -9.43833 -6.01992 
0.710227 -6.23365 -5.9343 
0.798045 -9.99849 -5.94214 
7.74613 9.99965 0.873186 
6.87049 8.66143 3.24358 
7.35674 7.94794 2.30131 
6.19638 9.99915 4.12235 
6.82995 9.99954 3.28602 
7.35283 7.92262 -2.31043 
7.34442 6.1035 -2.32359 
7.41329 9.99806 -2.14981 
6.97596 9.99905 -3.0871 
6.29509 9.99953 -3.99378 
5.90593 4.13065 -4.37831 
5.72604 3.91501 -4.54986 
7.07235 3.13682 -5.14607 
9.75807 3.87341 -4.60757 
7.96171 3.99864 -4.50566 
10.5934 4.58191 -3.90496 
6.03045 2.10429 -5.66051 
8.7314 3.03843 -5.19968 
10.4997 2.98373 -5.22994 
11.798 1.89679 -5.72495 
11.7998 2.8625 -5.28552 
0.715309 6.94696 -18.9991 
2.00136 7.02681 -16.3445 
2.25376 7.0117 -18.9995 
-1.32128 6.28589 -12.2115 
-0.267109 6.71123 -12.5006 
-1.34669 6.27231 -13.9576 
-0.285183 6.71331 -10.0024 
3.32422 6.85805 -16.3823 
5.42846 6.00321 -11.6568 
4.48424 6.48457 -13.0642 
4.50427 6.47827 -11.0485 
3.3885 6.84432 -12.8681 
3.33479 6.85669 -14.6176 
2.0725 7.02296 -12.8709 
2.07008 7.02491 -14.4961 
0.847614 6.96169 -12.7792 
2.13378 7.01422 -10.0016 
11.7989 5.22951 -3.00956 
11.7998 4.52396 -3.9569 
11.7995 6.01158 0.171386 
-0.644371 0.707168 5.9951 
0.741546 1.06347 5.92851 
1.26921 0.556508 5.99535 
-0.118843 1.96689 5.69301 
3.48534 3.23544 5.79639 
3.46942 4.65002 5.80247 
-1.57204 5.73815 4.98621 
-1.78347 4.62144 4.82699 
-0.526029 6.78217 5.5607 
0.659633 8.1346 5.91859 
0.65804 6.39352 5.92664 
1.97273 8.05025 6.02886 
-0.508467 8.55796 5.56415 
2.0612 6.3583 6.0301 
3.33139 8.06067 5.8315 
3.38234 6.21877 5.82048 
3.45229 0.744381 5.99412 
4.78076 0.70764 5.99824 
1.87315 -0.349767 6.0186 
7.58898 9.99888 1.62808 
7.99735 9.99961 2.0502 
7.78857 -8.60754 -0.615467 
4.77655 -0.725026 -5.9921 
5.80536 -5.12235 -4.51428 
5.8646 -4.06125 -4.42897 
9.41727 -5.31204 -2.82561 
7.5631 -4.85721 -3.56085 
7.18935 -5.39422 -2.65104 
9.81293 -4.68535 -3.78367 
8.85616 -4.02705 -4.48549 
8.13637 -3.06952 -5.18374 
7.01095 -4.1033 -4.41422 
10.9512 0.604808 -5.9933 
9.18318 -0.653566 -6.00002 
11.0121 -0.649617 -5.99069 
11.7995 0.196182 -6.01111 
10.6101 -3.91853 -4.56995 
11.7996 -4.58416 -3.89808 
7.35753 -7.94573 -2.30029 
7.08923 -6.58889 -2.87407 
6.87016 -8.65175 -3.24433 
8.87783 -5.71186 -1.91116 
11.076 -5.75436 -1.78886 
-0.66015 -4.41094 -5.51038 
-1.39448 -3.19619 -5.10376 
-1.7348 -4.51194 -4.86387 
-3.58699 -6.74013 -2.6866 
-3.50608 -5.32179 -2.83266 
-3.12079 -6.02459 -3.45629 
-3.0338 -7.35249 -3.58673 
-3.02848 -9.07985 -3.59081 
-2.41352 -6.2598 -4.30159 
-2.41256 -9.35749 -4.29372 
-2.36183 -8.12437 -4.347 
-4.19361 -8.46825 0.649148 
-4.20927 -9.99954 0.433489 
-4.19552 -5.99761 -0.590282 
-5.177 -5.99865 -0.699936 
-3.66888 -6.09478 2.50712 
-3.57433 -7.42184 2.72009 
-3.10697 -6.65119 3.49049 
-3.48476 -9.0323 2.88362 
-4.87868 -5.25397 2.94132 
-3.4379 -5.2162 2.98405 
-7.31036 -5.25482 2.94141 
-2.26142 -8.85597 4.44213 
-2.32687 -7.34884 4.38336 
-2.89874 -9.40324 3.75253 
-2.95517 -8.18108 3.68992 
-2.21191 -5.75609 16.7255 
-3.00741 -5.10962 15.77 
-5.0077 -1.6976 18.9991 
-5.1856 -0.700739 17.5427 
-5.01113 -1.67352 17.0188 
-5.20338 -0.477181 18.9996 
-5.01951 -1.65519 12.1913 
-4.28333 -3.50194 17.4208 
-4.26935 -3.52161 15.6516 
-4.7129 -2.60618 16.3968 
-3.66236 -4.40791 10.001 
-2.96511 -5.14006 10.0001 
-2.9746 -5.14235 11.1673 
-3.67825 -4.38439 11.8815 
4.36541 -6.53612 12.0984 
3.22067 -6.88145 10.0017 
4.43651 -6.51366 10.0006 
3.28353 -6.86671 12.6294 
2.03984 -7.0168 10.6989 
-3.44001 -9.99924 -2.94914 
-4.87651 -9.99959 1.61 
-3.92053 -9.9986 1.94674 
-2.88193 -4.68199 -3.78063 
-4.52909 -4.66646 -3.8014 
7.65022 -7.22162 -1.39029 
7.67426 -5.87237 -1.27095 
8.80489 0.498223 10.0001 
8.78664 0.779945 11.3322 
8.80313 -0.60709 11.3729 
8.58424 1.80637 9.99989 
7.59356 -9.99839 -1.60864 
7.75062 -9.99962 -0.840944 
8.5022 2.10654 11.0784 
8.15437 2.97688 9.99982 
8.02006 3.25177 11.0259 
5.21405 6.125 18.9996 
6.15303 5.50611 18.9985 
5.36811 6.039 17.1404 
6.86524 4.8545 17.4755 
7.48069 4.11769 18.9989 
7.50059 4.0907 16.8174 
8.05193 3.18795 16.6105 
7.96923 3.33384 18.9995 
7.79081 3.62035 18.9999 
7.81571 2.69491 19 
4.47217 6.48675 17.6308 
-0.474733 6.64153 11.0762 
0.738872 6.94705 13.0052 
0.727077 6.94041 10.731 
-0.149931 6.74501 10.0002 
2.08363 7.02374 14.5006 
2.0362 7.02593 12.9206 
3.2614 6.87117 12.7731 
1.98354 7.01984 10.671 
3.38982 6.84125 16.0523 
3.34759 6.85155 14.4318 
2.14649 7.02138 16.3068 
3.43872 6.83345 18.997 
2.03776 7.03581 18.9988 
-4.72369 -2.57672 18.998 
3.08486 6.88054 18.9998 
3.58275 -6.78407 18.9998 
8.0526 -3.16244 19.0001 
5.96599 5.38269 18.9996 
-2.04883 -5.86415 18.9996 
-1.33766 -6.27361 17.6188 
-4.78303 -2.38382 18.9999 
5.37532 -6.03724 11.4404 
5.38094 -6.03359 16.4255 
5.39166 -6.02399 18.1095 
6.19775 -5.46511 17.3944 
6.03325 -5.59061 18.9996 
6.86737 -4.8555 18.9984 
6.71573 -4.70418 18.9996 
7.26523 3.94359 18.9996 
7.59525 -3.95228 18.9996 
6.89101 -3.77202 18.9999 
7.50004 -4.09072 17.2292 
2.03884 -6.40912 18.9998 
0.53026 -6.90583 18.9995 
7.79407 -1.79417 18.9999 
8.41082 2.35668 18.9998 
8.80248 0.611 -11.3693 
8.80674 -0.471123 -10.0002 
8.78674 -0.777212 -11.3263 
8.50374 -2.10013 -11.0684 
8.16622 -2.95147 -9.99995 
8.02029 -3.25161 -11.0174 
8.41184 -2.35357 -18.9999 
8.51205 -2.07399 -16.7047 
8.05332 -3.18514 -16.6122 
6.1415 -5.51629 -18.9989 
5.35363 -6.0484 -17.3502 
5.17759 -6.14557 -18.9995 
6.88345 -4.82408 -18.9998 
6.86556 -4.85426 -17.4758 
7.46607 -4.13573 -11.5767 
6.85388 -4.86521 -10.783 
6.84607 -4.87347 -12.4158 
11.7995 -8.79916 -9.99779 
11.7995 -9.99882 -9.99849 
11.7976 -9.05769 -10.0004 
10.5971 -9.99952 -9.99866 
6.19788 -9.99912 -4.12058 
6.8355 -9.9997 -3.27754 
7.28395 -9.99939 -2.47809 
1.16888 -9.99924 5.99507 
2.01813 -9.99999 6.00172 
5.51435 -9.99911 4.74687 
3.59346 -6.76839 9.99978 
7.62615 -9.99942 1.46373 
4.44982 6.49809 15.759 
4.4134 6.5127 14.2945 
4.2944 6.56189 12.484 
5.30143 6.07939 13.9358 
5.33336 6.05959 15.4179 
5.25536 6.10666 12.0517 
6.11303 5.53399 13.2702 
6.11859 5.52869 11.4596 
6.84667 4.87276 12.4157 
7.46684 4.13481 11.5767 
6.8542 4.86492 10.777 
6.8506 4.85849 9.9997 
6.22231 5.44166 9.99995 
8.7705 -0.854926 10.0003 
4.28636 6.57046 10.0016 
5.34622 6.05731 10.0006 
-0.501538 6.62307 18.4324 
0.510158 6.90022 18.9992 
-0.426569 6.65577 16.3923 
-1.35449 6.26624 16.8914 
-3.0645 5.05811 10.6134 
-3.7548 4.28828 11.1251 
-3.03821 5.08263 11.9275 
-2.25973 5.72058 11.1062 
-2.41061 5.60819 10.0006 
-3.09937 5.01143 10.0002 
0.430627 9.99878 5.86994 
-0.844982 9.99871 5.4126 
2.94741 9.99891 5.91711 
5.66549 6.33399 9.99981 
7.51054 4.08406 10.0002 
8.03027 5.10089 9.9997 
6.90644 -4.8081 16.4903 
6.19629 -5.46724 12.4242 
6.21051 -5.45495 10.7886 
4.60259 -9.99987 5.31662 
5.02613 -9.99975 6.28446 
6.3725 -9.99976 5.16369 
0.815215 -6.95729 16.5771 
-0.366315 -6.67544 16.9526 
-1.3883 -6.24982 12.5494 
-1.38278 -6.25177 10.7951 
-2.23295 -5.73928 11.858 
-1.46086 -6.20226 9.99983 
-2.22315 -5.7476 10.0007 
-8.19841 -9.99962 9.99824 
-8.19958 -9.9971 8.70792 
-8.1989 -9.99953 8.00613 
-8.19952 -9.1926 7.17529 
-8.19956 -8.62442 9.99968 
-6.48237 -9.99722 9.99954 
-6.21382 -9.99938 9.9978 
3.45281 -9.99961 6.44375 
6.21919 -5.43828 9.99979 
10.843 -9.9994 9.99841 
11.7997 -9.99823 10.0002 
10.519 -9.99765 9.99968 
9.21917 -9.99937 9.99751 
8.9551 -9.99723 9.99942 
7.8245 -9.99937 0.331457 
9.61784 -9.99714 -9.99939 
-5.20384 -0.526693 -16.1174 
-5.1856 0.701961 -17.5343 
-5.2081 -0.470022 -17.8666 
-5.18966 -0.725674 -10.002 
-5.20548 0.50498 -12.559 
-5.19391 -0.62783 -12.9857 
-4.99987 -1.71988 -11.3426 
-4.9852 -1.74751 -9.99995 
-1.36781 -6.2612 -11.6018 
-1.59424 -6.13655 -10.0003 
-2.25781 -5.72218 -11.0587 
-2.28921 -5.68947 -10.0002 
-3.07085 -5.05827 -10.0011 
-3.0383 -5.08235 -11.9206 
0.439274 -6.86799 -9.9999 
3.22411 -9.99894 -5.86579 
2.0667 -9.99954 -6.00257 
9.00171 -9.9993 -9.99713 
9.45107 -1.91452 -5.72032 
11.0765 -1.83866 -5.74474 
9.96079 -3.00355 -5.22534 
11.7996 -1.91695 -5.70222 
11.7989 -3.01103 -5.22912 
11.7996 -3.33465 -5.56163 
10.8175 -7.78975 -9.9994 
11.7994 -7.77939 -9.99925 
7.62146 -9.99977 -2.99015 
7.51429 -9.9997 3.86223 
6.31482 -9.99975 3.96925 
-0.659782 -0.731215 5.99445 
0.981827 -0.639725 5.98781 
0.684231 -2.01022 5.93126 
-4.96434 0.624918 6.00712 
-4.98669 -0.758232 5.99144 
-0.438994 -2.9759 5.5911 
0.667161 -3.27391 5.93073 
0.651937 -4.66827 5.92822 
3.50777 -4.77606 5.79416 
3.4703 -6.4207 5.80106 
2.08323 -2.0298 6.03001 
-5.56223 -4.64124 3.83251 
-1.91982 -2.04519 5.6744 
-0.26445 -2.06642 5.66102 
-4.89279 -1.97348 5.6985 
-4.84032 -3.04646 5.19645 
-3.39754 -1.97172 5.69897 
-3.17376 -3.09074 5.16965 
-6.5091 -3.93578 4.55499 
-4.37714 -3.94348 4.54897 
-8.19811 -4.65855 3.81616 
-8.19957 -5.20233 3.00775 
-8.19961 -4.63309 3.82964 
-8.19917 -3.88145 4.61243 
-5.20732 0.475031 17.8733 
-5.20384 0.527139 16.1167 
-5.19022 0.720567 10.002 
-5.00007 1.69072 10 
-5.19802 0.22338 9.9996 
-5.19391 0.627844 12.9856 
-5.20546 -0.505181 12.5591 
-4.99995 1.71952 11.3423 
-4.31676 3.43712 11.722 
-4.30779 3.45886 10.0006 
-4.72242 2.57672 10.0022 
-4.65548 2.71344 10.0001 
-4.70713 2.61459 12.4645 
-5.20322 -0.61953 10.0009 
-8.19741 5.23396 2.99 
-4.16424 9.99951 0.836725 
-4.19842 8.7574 0.554094 
-3.96093 7.96389 -1.77275 
-3.98853 5.787 -1.64497 
-3.5694 7.41916 -2.7286 
-3.48177 9.0798 -2.88818 
-4.20828 9.99949 -0.457902 
-4.19233 8.45369 -0.661321 
-3.91436 9.99888 -1.96447 
-8.19927 0.869105 5.96212 
-8.19957 -1.77799 5.75275 
-1.87837 -2.08709 -5.66184 
-2.88729 -3.15663 -5.13118 
-3.68686 -3.99315 -4.50476 
-4.48124 -3.05789 -5.19036 
-5.57925 -3.91198 -4.57421 
-6.5701 -3.03749 -5.19777 
-8.1978 -3.80349 -4.67163 
-8.19912 -4.6211 -3.87104 
-8.19982 -3.81262 -4.6497 
-8.19884 -9.99958 6.59998 
-2.86643 -9.99993 -3.80125 
-0.657409 -0.737507 -5.99426 
-0.644731 0.706743 -5.99517 
-5.19245 1.93986 -5.71112 
-6.7865 0.677417 -5.99278 
-4.98993 0.655453 -6.0007 
-7.06479 1.9609 -5.69733 
-8.19947 1.07129 -5.92607 
-6.81928 -0.707609 -5.99051 
-7.00456 -1.96599 -5.69476 
-4.98513 -0.710446 -5.99389 
-8.19966 -1.60127 -5.80587 
-8.19929 -0.265202 -6.02265 
-8.19709 -9.99759 -9.99954 
-8.19941 -8.69614 -9.99776 
-8.1989 -7.74231 -9.99958 
-8.19907 -9.9996 -8.71607 
-4.71697 -2.59412 -10.001 
-4.70745 -2.61395 -12.4645 
-8.19942 -9.00815 -8.18314 
-5.20451 0.603583 -10.0012 
-5.01954 1.6551 -12.1913 
-4.96461 1.87679 -10.0005 
-4.56398 2.94045 -10.0001 
-4.68981 2.65968 -11.6447 
-5.11798 1.08739 -9.99947 
-2.89604 9.9981 -3.76174 
-2.95461 8.18511 -3.69062 
-2.25803 8.89728 -4.44493 
-2.27713 9.99953 -4.41409 
-1.58488 9.99912 -4.97442 
0.770631 9.99792 -5.93869 
-0.437395 9.99892 -5.60359 
0.394105 9.9998 -5.83427 
-8.19942 9.99724 -8.59935 
-8.19716 9.99969 -9.99754 
-8.19926 8.90329 -9.9995 
-6.7312 9.99719 -9.99945 
-8.19852 7.58733 -9.99963 
-8.1993 7.72427 -8.98012 
-8.1997 -6.00969 -0.459218 
4.75131 -6.79815 9.99977 
2.23568 -6.99459 9.99987 
-5.00932 -9.99779 9.99949 
-2.4371 -9.9998 4.27376 
-4.64972 -9.99965 -2.79543 
-3.31542 -9.9994 9.99736 
-3.63043 -9.99761 9.9993 
-4.75035 -9.99939 9.99739 
-2.29762 -9.99748 9.99934 
0.122412 -8.05233 9.99958 
1.1382 -6.99058 9.99973 
0.784891 6.95366 16.3959 
0.779073 6.95354 14.599 
-3.72925 4.3215 12.6774 
-2.25732 5.72425 15.7576 
-2.19837 5.76996 18.9967 
-3.02161 5.09892 16.7123 
-3.02227 5.08754 18.9998 
-3.73126 4.3222 18.9971 
-4.33996 3.40682 18.9992 
-4.29525 3.47544 16.5174 
-2.42071 4.21553 -4.27769 
-2.1994 4.01673 -4.47944 
-2.88691 4.70311 -3.75945 
-3.57144 2.04349 -5.67887 
-1.99584 2.09098 -5.66089 
-5.74251 3.0277 -5.20835 
-3.93659 3.0847 -5.17498 
-6.52386 3.91787 -4.57198 
-4.5941 3.9391 -4.55296 
-5.5207 4.6044 -3.87257 
-8.19706 2.99949 -5.22817 
-8.19726 4.69093 -3.77546 
-6.56931 5.17123 -3.07614 
-8.19957 9.17373 -7.05788 
-8.19914 9.99962 -7.63757 
-8.1994 3.95081 -4.55141 
-8.19956 3.15068 -5.11398 
-8.19967 4.67442 -3.77854 
-8.19941 6.53198 -9.99768 
-8.19966 -0.488334 -6.57999 
-8.1995 -3.44054 -6.05822 
-8.19959 -4.94826 -4.60804 
-4.24136 3.56404 -11.0214 
-3.65536 4.41385 -10.5465 
-3.68726 4.37463 -11.8989 
-2.96413 5.15131 -11.1817 
-2.22206 5.74926 -13.3814 
-2.22372 5.74618 -11.7774 
-2.21992 5.74785 -10.0004 
-1.40163 6.2433 -10.0023 
-1.64629 6.09452 -10.0001 
-3.02275 5.09247 -10.0005 
-3.59685 4.47087 -10 
3.09455 6.88638 -10 
3.34863 6.85415 -10.0018 
4.43987 6.49522 -9.9997 
6.90649 4.8079 -16.4901 
6.19525 5.46731 -17.4188 
6.22412 5.443 -10.7999 
6.20348 5.4609 -12.4435 
6.93699 4.77932 -11.5184 
6.86384 4.85249 -9.99997 
5.42216 6.01402 -10 
-4.12453 3.75025 -10.0002 
-5.19374 -0.35682 -9.99961 
-8.19962 2.07447 -5.64058 
-8.19956 0.826927 -6.55895 
-6.42142 -9.99947 -9.9971 
-0.931823 -9.99956 -6.18224 
-6.53528 -9.9994 -7.61533 
-8.19843 -9.99965 -7.27568 
-8.19977 -6.54723 -0.044602 
-4.98645 -2.75603 -10.0001 
6.13575 -5.5134 -16.5069 
6.13316 -5.51718 -14.8514 
5.32253 -6.06561 -14.1219 
5.34088 -6.055 -15.6309 
4.44037 -6.50245 -16.7504 
6.12205 -5.52591 -11.516 
5.31249 -6.07202 -12.3912 
6.12132 -5.52653 -13.3054 
5.27655 -6.09989 -10.001 
5.44541 -6.30588 -9.99996 
6.21412 -5.44919 -10.0001 
6.85839 -4.84993 -9.9998 
1.6889 -7.00016 -10.0002 
-0.720948 -6.92885 -9.99993 
-5.02595 -4.00032 -9.99981 
-6.38979 -2.68289 -9.99974 
-8.19749 -4.90518 -9.99946 
-8.19947 -5.92571 -9.99685 
-8.19944 -4.53181 -9.99687 
-8.19887 -6.31558 -9.99958 
-8.19952 0.718899 -7.67921 
-8.19957 -1.90463 -6.40873 
-8.19964 -2.74485 -5.35563 
-0.527092 -6.06526 -5.5609 
-0.543789 -7.70183 -5.55331 
-0.27108 -2.07877 -5.65795 
-0.41727 -3.0498 -5.5994 
6.12012 -2.10612 -5.6558 
7.73497 -2.04484 -5.6787 
9.19225 0.689896 -5.99484 
3.45059 0.746895 -5.99397 
4.77372 0.714711 -5.99798 
8.79464 0.744803 12.9964 
8.80396 0.665841 14.6373 
8.79438 -0.733092 14.5635 
8.80113 -0.66564 13.0343 
8.52747 -2.0277 14.4857 
8.54957 -1.95879 12.952 
3.38547 -6.84176 15.9419 
3.35718 -6.84973 14.3145 
2.09117 -7.02334 14.5096 
2.06478 -7.02345 12.9248 
8.06599 -3.16415 15.8805 
8.08759 -3.12067 14.3077 
7.54807 -4.02325 13.9542 
7.5366 -4.0387 15.443 
5.38716 -9.99979 -4.82181 
4.46932 -6.48563 -18.9986 
7.48136 -4.1164 -18.9987 
7.3462 -3.9623 -18.9997 
7.50155 -4.08935 -16.8186 
-2.21049 -5.7609 -18.9968 
-1.35586 -6.26498 -16.6191 
-2.25568 -5.72552 -15.7402 
-3.02271 -5.09783 -16.7158 
-3.02396 -5.0858 -18.9998 
0.766306 6.94889 -14.4504 
0.736952 6.94365 -16.1268 
-0.43759 6.65324 -18.9978 
-3.72931 -4.3215 -12.6776 
-3.73112 -4.32226 -18.9971 
-4.33997 -3.40654 -18.9992 
-3.8788 -4.09236 -18.9996 
-4.29599 -3.47407 -16.5176 
-0.461723 -6.63268 -19 
4.56427 -6.43212 -19 
7.96999 -3.33285 -18.9997 
-5.03075 -1.61058 -16.5848 
-5.03106 -1.59663 -18.1299 
-5.17908 -0.746684 -18.9998 
-4.72867 -2.5636 -17.297 
-4.28222 3.5038 -17.4249 
-4.71312 2.60552 -16.3975 
-4.27052 3.51966 -15.6518 
-3.78025 4.25424 -18.9996 
-4.34296 3.3778 -18.9999 
-5.01107 1.67397 -17.0177 
-4.72266 2.57934 -18.998 
-4.79832 -2.3687 -18.9997 
6.027 -5.38489 -18.9997 
8.75714 -1.01205 -18.9998 
-1.43132 6.23338 10.0012 
-2.01627 6.35199 10.0001 
-1.42252 6.2309 11.8059 
1.22331 9.99974 5.97348 
1.67864 9.99896 6.02615 
2.37946 9.99979 5.97281 
5.35933 9.99983 4.84494 
1.1149 6.98548 9.99979 
-0.092688 7.79011 9.99963 
3.13823 6.89615 10.0019 
3.37364 6.82481 9.99986 
-3.77653 5.58982 -2.23419 
-3.67623 5.45761 -2.49771 
-4.52658 5.12271 -3.1459 
-3.41452 5.20868 -3.01414 
-4.89091 9.99958 -2.3375 
-8.19913 9.9996 -6.20218 
-8.19801 3.79317 4.67523 
-8.19944 4.55347 3.94891 
-8.1996 3.82059 4.63624 
-8.19956 9.99736 -5.59209 
-8.19971 5.34088 -2.77212 
-8.1996 6.55249 -1.17757 
-8.1995 5.79369 -1.64381 
-4.65734 3.75202 10 
-3.67989 4.37694 10.0009 
-8.19757 -5.74911 9.99946 
-8.19942 -6.34791 9.99689 
-8.19883 -7.14935 9.99937 
-5.66776 -1.28319 9.9997 
-8.19964 4.94449 4.64995 
-8.19968 5.16328 3.07658 
-8.19975 5.64937 2.05094 
-8.19974 6.37456 -2.46707 
-8.2 5.93302 1.03539 
-8.19983 6.55278 0.180893 
-8.19966 6.47449 1.54661 
-8.19957 7.69656 -0.663149 
5.56505 5.56919 -4.69488 
5.53324 7.57779 -4.72613 
5.47986 9.99883 -4.77378 
6.06931 9.99965 -4.94457 
3.46116 4.74063 -5.80437 
3.47208 3.26957 -5.79926 
2.04608 4.82058 -6.03221 
2.05413 3.37455 -6.03329 
-0.37249 6.6749 -14.308 
-0.390271 6.66885 -15.8421 
-1.36305 6.26289 -15.4994 
-1.36407 6.26134 -17.4148 
5.37778 6.03596 -16.6763 
5.38589 6.02754 -18.3284 
4.55136 6.44875 -18.2042 
4.44318 6.50178 -14.7219 
4.45268 6.49667 -16.3462 
3.5669 6.79275 -18.9992 
6.65741 4.68186 -18.9997 
6.03342 5.59083 -18.9997 
1.03753 6.3622 -18.9999 
2.66365 6.37519 -18.9999 
-5.00353 1.7135 -18.9993 
-3.97738 -3.16724 -18.9997 
-4.77719 2.4016 -18.9999 
3.52309 -6.80349 -18.9992 
-1.3251 -6.28256 -18.9994 
-1.12314 -5.85649 -18.9998 
-2.07348 -5.83524 -18.9996 
8.06886 3.13051 -19.0001 
5.61226 4.73937 -18.9999 
5.36449 6.02988 -18.9999 
6.81405 3.37996 -18.9999 
4.18506 6.58507 -19 
8.77398 9.99963 -0.861566 
7.63209 9.99963 -1.44014 
7.58372 3.98027 -10.0007 
8.767 0.880242 -10.0002 
8.80403 -0.665392 -14.6377 
8.79463 -0.745398 -12.9957 
8.79439 0.733384 -14.564 
8.80122 0.664622 -13.0344 
8.52698 2.02942 -14.4861 
8.54972 1.95851 -12.9519 
8.06655 3.16319 -15.8808 
8.08751 3.12081 -14.3081 
7.53661 4.03861 -15.443 
7.54789 4.0235 -13.9542 
-2.40728 9.59537 4.29646 
-2.35585 8.1244 4.35553 
-1.51915 7.39833 5.02683 
-1.55559 9.0168 5.00207 
-1.95516 9.99926 4.7099 
-4.65983 9.9995 2.28615 
-3.44103 9.99906 2.94861 
-3.401 2.07966 5.66845 
-1.98711 2.10789 5.65611 
-2.26512 4.98879 4.42686 
-2.24086 4.05215 4.44631 
-8.19946 2.09179 5.64623 
-5.0309 1.59685 18.1318 
-5.03104 1.60945 16.5857 
-4.7288 2.56336 17.2971 
-4.79742 2.37111 18.9997 
-4.25788 -3.54049 12.6105 
-5.01731 -1.65766 -13.3634 
-5.19789 -0.577524 -14.6062 
-5.02021 -1.64721 -14.9909 
-3.72225 -4.32876 -15.714 
-4.71475 -2.60044 -14.1271 
-4.717 -2.59495 -15.6202 
-3.7194 -4.33203 -14.1568 
-4.28625 -3.49153 -13.3935 
-4.28597 -3.49187 -14.8665 
7.43392 5.64185 2.09305 
7.46268 6.58286 2.00918 
7.58554 1.97633 5.69774 
7.34561 3.08553 5.17355 
9.03905 3.07675 5.17857 
6.05751 -2.16063 5.63971 
7.59758 -2.09929 5.66325 
5.77761 -3.96535 4.50415 
5.91459 -4.13812 4.3708 
11.7998 1.23865 5.87672 
11.7994 -0.848953 5.96171 
11.7999 -4.54821 3.92418 
11.7997 -4.27387 5.01664 
11.7996 -3.23373 5.59804 
11.7997 -5.52145 3.39463 
6.13618 -0.749839 5.99254 
7.58302 -0.730423 5.99395 
6.18337 0.673867 5.99877 
7.64895 0.686417 5.99659 
-1.39795 -6.24661 -13.3449 
-1.40465 -6.24185 -14.8626 
-0.408345 -6.66395 -13.9546 
-0.410703 -6.66194 -15.5201 
4.4144 -6.51184 -13.4446 
4.42404 -6.50861 -15.047 
0.704127 -3.31061 -5.93499 
0.687797 -4.76722 -5.93247 
2.10378 -3.3852 -6.03007 
2.09622 -4.80088 -6.02994 
7.67975 9.99955 3.55673 
7.24453 9.99922 2.55326 
6.57911 9.99976 4.93112 
7.42306 9.9996 -3.44458 
11.7991 3.79821 -4.67795 
11.7996 4.16286 -5.0983 
11.7999 1.09141 -5.90854 
7.46606 1.97225 -5.69876 
9.08895 1.95858 -5.70153 
0.854227 6.94577 -10 
0.964337 6.97769 -10.002 
5.36625 6.0408 -15.0145 
5.37788 6.03388 -13.4851 
6.23086 5.42844 -9.99967 
8.57786 9.99791 -9.99969 
9.4644 9.99957 -9.99829 
10.1254 9.99749 -9.99968 
11.799 9.99992 -9.99735 
10.0395 9.99936 9.99757 
9.15342 9.9971 9.99949 
10.7418 9.99638 9.99943 
11.7994 9.99959 9.99782 
7.49893 -5.09399 9.99974 
9.06959 -3.50129 9.99972 
7.74645 -4.15193 10.0001 
11.7996 1.32236 6.55814 
11.7996 2.96336 6.4276 
10.5929 9.9995 7.73193 
11.7997 4.92365 4.17816 
11.7996 4.73606 5.04535 
11.7995 6.20484 3.56241 
11.7996 -5.61048 -3.13906 
11.799 -5.29869 -2.87817 
11.7996 -5.72243 -1.84114 
11.7999 -3.95905 -4.52182 
7.51686 -4.0756 -10.0003 
7.8226 -4.72377 -9.99976 
8.59042 -1.78231 -9.99997 
6.40221 6.67369 -9.99961 
11.7995 2.51653 -6.62208 
11.7995 1.03499 -6.59973 
11.7995 5.31462 -5.098 
11.7994 6.42404 -3.86694 
11.7996 5.5767 -3.54172 
11.7996 5.69947 -1.92362 
11.7996 6.66806 -2.24035 
11.7995 6.57684 0.497613 
11.7995 6.64995 1.72932 
4.59557 6.42157 9.99968 
11.7996 8.47068 9.99925 
9.52443 9.99967 2.50562 
8.98575 9.99961 1.15826 
9.30138 9.99957 3.48895 
11.7995 8.99771 8.58189 
11.7995 7.57989 1.94867 
11.7995 7.59673 -0.703268 
11.7994 7.60975 0.578961 
11.7996 5.95043 -0.899059 
11.7995 6.58677 -0.676583 
11.7995 7.59537 -2.15142 
0.627673 4.82451 5.92453 
0.644604 3.38165 5.92402 
2.04644 4.80808 6.03182 
2.05719 3.36645 6.03331 
6.14394 -0.744991 -5.99286 
7.60217 -0.724354 -5.99422 
6.44526 -4.65777 -3.81467 
6.64277 -4.84027 -3.59143 
7.46834 -6.58402 -1.99434 
7.4887 -5.68936 -1.95342 
11.7994 -5.9637 -0.834179 
-1.54205 -7.18488 -5.00971 
-1.56332 -5.61371 -4.99276 
-2.19812 -4.00703 -4.4874 
-2.25803 -4.97667 -4.4334 
-3.23206 -9.99956 3.30639 
-4.9032 -9.9996 3.34323 
-5.19672 -0.593522 15.7739 
-5.1979 0.576914 14.6063 
-5.19892 -0.56815 14.3017 
-5.0178 -1.65717 15.3949 
-5.02269 -1.64253 13.9183 
-4.70764 -2.62019 14.8347 
-4.70485 -2.62793 13.3347 
-4.26273 -3.53265 14.1449 
0.794503 -6.95488 14.7305 
0.774231 -6.95073 13.0977 
-0.37415 -6.67463 15.0876 
-0.386615 -6.67032 13.4756 
-1.35612 -6.2668 15.764 
-1.37098 -6.2587 14.1502 
-2.23152 -5.74151 13.4182 
-2.22739 -5.7447 14.898 
-3.00078 -5.11583 14.1587 
-3.00311 -5.11367 12.6986 
-3.69011 -4.36947 14.8883 
-3.68641 -4.37368 13.4329 
5.3566 -6.04782 13.2783 
4.45547 -6.49553 15.4477 
4.43778 -6.50343 13.9385 
5.36137 -6.04368 14.8264 
8.51567 2.07698 13.0514 
8.52456 2.04301 14.6674 
8.05594 3.18626 13.1697 
8.06046 3.17464 14.743 
7.50061 4.09032 13.4785 
7.51072 4.07659 15.0596 
6.13592 5.51328 16.4832 
6.13285 5.51734 14.832 
6.86325 4.85621 15.6841 
6.86106 4.85875 14.1331 
-0.084724 6.74502 18.9997 
-0.673609 6.55306 19 
-3.88619 4.08225 18.9996 
-1.28253 -6.29118 19 
-2.67253 -4.86216 18.9997 
-4.37781 -1.58166 18.9998 
-4.3437 -3.37634 19 
-3.35948 -2.826 18.9999 
6.87683 4.83084 18.9997 
-2.05946 5.84538 18.9995 
-1.31656 6.28548 18.9994 
-1.15143 5.95143 18.9997 
-0.626406 5.82513 18.9998 
-0.582788 -6.59536 18.9997 
-0.678799 -5.39183 18.9999 
-1.75439 -5.40121 18.9998 
5.80237 -5.02648 18.9999 
5.36069 -6.03237 18.9999 
4.75896 -5.86623 18.9998 
0.468965 5.7135 18.9998 
1.39888 6.39527 18.9997 
-0.654389 4.73979 18.9999 
6.02594 -6.44305 9.9997 
5.5286 -5.93912 9.99993 
6.18061 -5.48001 15.6325 
6.17647 -5.48363 14.115 
7.04055 3.18114 18.9998 
-3.18559 3.48138 18.9997 
-3.99453 3.24493 18.9997 
-4.25865 2.34076 18.9999 
-4.43076 -0.064294 18.9998 
-5.17661 0.766331 18.9998 
-1.81653 -4.2816 18.9999 
-3.19275 -4.10306 18.9998 
0.70751 -4.60587 19 
0.624825 -5.64024 18.9998 
3.59088 -5.73561 18.9998 
7.79768 1.26169 18.9999 
7.80001 -0.30856 18.9999 
7.06187 1.63172 18.9999 
7.07415 0.216041 18.9999 
0.562139 -6.36085 18.9998 
-0.419758 -6.16289 18.9998 
2.06993 -4.70355 19 
2.05299 -5.70737 18.9999 
3.45116 -3.44057 19.0001 
3.47757 -4.73003 19 
4.80469 -3.47581 19.0001 
5.99605 -3.55554 18.9999 
4.74685 -4.89859 18.9999 
6.07322 -2.23499 19 
7.0535 -1.23655 18.9999 
7.08872 -2.56259 19 
8.51532 -2.07812 -13.0519 
8.52459 -2.04287 -14.6676 
8.05576 -3.18678 -13.1695 
8.06041 -3.1749 -14.7429 
7.51024 -4.07742 -15.0592 
7.50052 -4.09038 -13.4785 
6.86337 -4.85604 -15.6837 
6.86098 -4.85876 -14.1331 
8.08056 -9.99759 -9.99932 
1.2784 -9.99984 -5.98741 
3.1211 -9.99953 -6.41269 
2.00248 -9.99939 -7.70947 
4.92238 -9.99969 -6.00066 
6.39244 -9.99974 -4.6528 
11.7994 -9.99938 -8.04471 
8.77977 -9.99958 1.41587 
8.90271 -9.99963 -0.428918 
7.83277 -9.99958 2.42142 
11.7995 -6.20724 -3.61325 
11.7994 -6.58809 -1.98092 
11.7994 -6.00882 0.373658 
11.7995 -6.62117 1.99507 
-0.408837 6.66448 14.7424 
-0.423342 6.65894 13.1468 
-2.27381 5.7116 12.6667 
-1.41831 6.23474 13.5422 
-2.2771 5.70951 14.1748 
-1.40704 6.24053 15.0582 
-3.0395 5.07916 14.8942 
-3.04095 5.07747 13.4394 
6.91683 -4.80012 13.2983 
6.90857 -4.80874 14.8337 
-8.19954 -9.99714 5.79078 
-8.19943 -7.61472 9.00962 
-8.19944 -7.72296 7.54541 
0.893293 -9.99991 5.94319 
3.41052 -9.99965 7.76292 
11.7994 -8.02296 9.9992 
7.7458 -9.99945 9.99785 
7.45895 -9.99762 9.99959 
6.3559 -9.99947 9.99779 
6.06696 -9.9976 9.99944 
10.7663 -9.99948 7.55485 
9.15526 -9.9996 6.33268 
10.7809 -9.99943 6.15318 
6.36304 -9.99956 7.71986 
4.81626 -9.99961 7.71951 
7.7447 -9.99947 7.76318 
9.22665 -9.99943 7.7629 
-5.19892 0.568878 -14.3019 
-5.19673 0.593576 -15.7739 
-4.53828 1.93849 -18.9998 
-2.94431 -3.16549 -18.9997 
-4.18657 -1.97631 -18.9999 
-5.00676 -1.65666 -18.9999 
-4.41598 -0.716459 -18.9998 
-2.70899 4.86345 -18.9996 
-2.97077 5.14929 -18.9986 
-2.06735 5.85092 -18.9996 
-1.28092 6.29341 -19 
-1.89057 5.40717 -18.9998 
-3.63757 3.03841 -18.9999 
4.07536 -6.62011 -18.9997 
0.762372 -6.35024 -18.9999 
4.50071 5.76894 -18.9999 
4.80452 6.33012 -18.9998 
-2.61641 -4.6208 -18.9997 
-1.47666 -4.57216 -18.9998 
-3.00252 -1.7414 -18.9999 
-1.91787 -1.96363 -19 
-3.57111 1.92363 -18.9997 
-4.41994 0.74697 -18.9998 
-5.20144 0.504959 -18.9997 
-3.39771 0.595431 -18.9998 
-2.27421 -5.71154 -14.1543 
-2.26588 -5.71788 -12.6499 
-3.04011 -5.07837 -13.4394 
-3.03944 -5.07932 -14.8941 
11.7996 -4.77263 -5.05801 
11.7997 -5.00531 -4.16231 
11.7994 -0.206462 -6.52868 
11.7994 -0.882933 -5.953 
11.7995 0.61735 -7.58825 
10.6084 -9.99927 -7.83166 
7.56565 -9.99982 -1.68588 
11.7995 -9.99925 8.41968 
11.7995 -9.99926 7.09837 
-3.45406 -0.674392 5.99683 
-2.01731 -0.693402 5.997 
-3.4289 0.722607 5.99453 
-2.00387 0.735437 5.99347 
2.09841 -3.37604 6.03074 
2.09159 -4.79036 6.03025 
-8.19947 -6.09708 4.0043 
-8.19949 -6.32738 2.58545 
-5.02035 1.64654 14.991 
-5.0171 1.65866 13.3636 
-4.28726 3.48982 13.3936 
-8.19939 9.99941 8.97048 
-6.77757 9.99953 9.9984 
-8.19866 9.9998 7.69257 
-8.19799 9.99804 9.99984 
-6.31653 9.99785 9.99955 
-8.19944 8.77988 9.99802 
-8.19934 9.01694 8.30855 
-8.19945 9.99774 6.85675 
-8.1995 7.63029 7.84091 
-8.1995 7.56707 9.99818 
-8.19949 6.10433 9.99717 
-2.00581 -0.700454 -5.9967 
-4.84565 -1.96466 -5.70131 
-3.27037 -1.9962 -5.692 
-3.43209 -0.675685 -5.99677 
-3.44648 0.718845 -5.99453 
-2.00536 0.73413 -5.99368 
-0.871405 -7.83821 -9.99956 
0.72291 -8.12766 -9.99966 
-2.30984 -6.56463 -9.99969 
-4.93748 -6.41038 -9.9997 
-3.61479 -5.27917 -9.99996 
-3.76909 -6.64519 -9.99958 
-8.19753 -9.99945 -5.87668 
-8.19945 -9.99703 -5.26645 
-8.19938 -9.99717 -6.64883 
-8.19759 -9.99934 -4.50462 
-5.30276 2.16285 -9.99976 
-0.538707 6.60898 -10.0001 
-5.84271 9.99935 -9.99736 
-5.28643 9.99734 -9.9994 
-4.41833 9.99947 -9.99764 
-3.8736 9.99786 -9.99929 
-6.59485 7.66403 -9.99928 
-6.49768 1.85256 -9.99964 
-6.81132 0.162145 -9.99967 
-6.71364 -1.25289 -9.99975 
-8.19751 4.75905 -9.99946 
-8.19945 5.1401 -9.99682 
-8.19744 6.16703 -9.99942 
-8.19762 1.96235 -9.99961 
-8.19756 3.36706 -9.9996 
-6.62274 3.37785 -9.99956 
-8.19781 -0.848804 -9.99959 
-8.19778 0.504463 -9.99957 
-8.1995 0.971744 -9.99713 
-8.1995 -1.78216 -9.99716 
-8.19951 -0.407458 -9.99705 
-8.19936 -5.63863 2.11163 
-8.1995 -6.48146 1.2944 
-8.19956 -7.6964 0.725159 
-8.19955 -7.70087 -0.65279 
-8.19967 -6.54449 -1.42444 
-8.19965 -6.31026 -2.94672 
-6.61516 -9.99959 -6.17231 
-8.19753 -9.99941 5.15865 
-8.19948 -9.99717 -3.8855 
-8.19952 -0.652008 -7.66677 
-8.19951 -2.01829 -7.65023 
-8.19947 -7.64717 -6.36588 
-8.1995 -4.75532 -7.63347 
-8.19948 -6.1337 -7.66038 
-8.19949 -3.16594 -9.99717 
-8.19946 -7.60783 -7.80779 
-8.19946 -7.62862 -9.25753 
-5.02264 1.6427 -13.9184 
-5.01754 1.6583 -15.3952 
6.06769 -7.76886 9.99939 
4.42747 -7.76577 9.99949 
1.50761 -8.14682 9.99968 
2.82374 -8.12156 9.99964 
-5.27684 -3.65788 9.99962 
-6.55133 -7.61668 9.99936 
-2.58524 -6.36495 9.99973 
-3.68249 -7.79692 9.99957 
-3.86669 -4.97077 9.9998 
-2.65181 -8.00439 9.99944 
-1.37895 -7.67048 9.99958 
-0.940568 -9.99755 9.99946 
3.23182 -9.99756 9.99945 
4.66073 -9.99755 9.99939 
-0.552704 -9.99945 9.99787 
-1.93049 -9.99941 9.9979 
0.457845 -9.99761 9.99949 
1.84186 -9.99762 9.99949 
-4.28486 3.49396 14.8666 
-3.72217 4.32854 15.7141 
-3.71971 4.33166 14.1569 
-3.69564 4.36314 -16.5834 
-3.0084 5.1086 -15.7701 
-4.70489 2.62788 -13.3346 
-4.70762 2.61986 -14.8348 
-4.2629 3.53239 -14.145 
-4.2614 3.53414 -12.6199 
-3.00313 5.11358 -12.6986 
-2.99894 5.11738 -14.1587 
-2.22734 5.7448 -14.877 
-2.22549 5.74551 -16.6785 
8.01678 9.99954 -9.99763 
7.435 9.99954 -2.10487 
8.85867 9.99947 -2.14805 
9.07039 9.99964 -3.36427 
10.7656 9.99945 -2.06396 
4.30939 9.99972 -6.26818 
6.91782 4.7989 -13.2982 
6.90879 4.80847 -14.8336 
6.18068 5.48005 -14.1338 
6.18322 5.47793 -15.6596 
-3.57221 6.09275 -9.9997 
-2.45116 5.95319 -9.9999 
-8.19753 9.9997 6.26888 
-8.19948 9.99722 5.46745 
-8.19959 4.97836 -5.21074 
-8.19962 3.77823 -6.31641 
-8.19968 2.09077 -6.50361 
-8.19951 2.35968 -9.99725 
-8.1995 3.7487 -9.99716 
-0.678205 -9.99961 -7.67834 
0.720812 -9.99953 -7.75858 
6.46672 -6.12755 -9.99969 
4.97824 -7.63229 -9.99956 
2.52095 -9.99765 -9.99951 
2.04527 -8.14655 -9.99973 
3.3467 -8.05492 -9.99966 
-5.78179 -9.99754 -9.99945 
-6.28454 -7.79248 -9.99942 
-4.76608 -7.80558 -9.99945 
-4.37589 -9.99783 -9.99946 
-8.19954 3.5502 -7.66002 
-8.19952 2.07396 -7.6803 
6.1685 0.678442 -5.99856 
7.61945 0.683036 -5.99665 
7.7735 -3.64892 -18.9998 
5.16205 -5.60424 -18.9998 
7.2054 -3.47306 -18.9999 
7.80258 -2.71622 -19 
7.80527 -1.4059 -18.9999 
6.31193 -4.52778 -18.9998 
6.20175 -3.41927 -18.9999 
7.78711 1.63042 -18.9999 
3.75311 9.99956 6.37441 
6.39283 9.99746 9.99932 
6.7861 8.08525 9.9994 
7.72972 9.99742 9.99929 
7.13228 9.9994 9.99742 
8.52785 9.99932 9.99754 
5.75754 9.99944 9.99792 
-2.85246 9.99916 3.81664 
-0.351281 9.99944 6.1239 
0.704516 9.99944 7.6837 
2.063 9.99952 7.71312 
3.36953 9.99948 7.71804 
10.7633 9.99951 6.22347 
11.7995 9.99945 7.53934 
11.7995 9.9993 6.12333 
10.7721 9.99945 4.83541 
4.77578 9.99956 7.70152 
4.37547 9.99948 9.99787 
2.14608 6.99949 9.99991 
-5.03659 9.99956 -4.92776 
-3.77388 9.9994 -5.01392 
-4.87602 9.99958 -6.27507 
-8.19954 9.99693 -4.19685 
-8.19763 9.99927 -3.42032 
-8.19757 9.99935 -4.79727 
-6.59763 9.99955 -3.56548 
-6.63177 9.99953 -4.9396 
-5.26085 9.99952 -3.89437 
-3.30654 9.99949 -3.16924 
-8.19951 2.99031 5.21274 
-8.19948 3.49101 6.02786 
-1.97262 7.78247 9.99946 
-8.19788 8.07472 9.99963 
-8.19773 6.71438 9.99969 
-8.1975 5.29107 9.99959 
-8.19947 4.70561 9.9974 
-8.19759 3.91419 9.9996 
-8.19951 3.32882 9.9971 
-6.64125 3.53617 9.99964 
-6.394 2.19106 9.99977 
-3.34975 6.21782 9.99972 
-4.72583 4.91814 9.99967 
-6.81117 -0.78828 9.99957 
-6.69546 0.706579 9.99966 
-6.56542 -2.3344 9.99964 
-5.34667 -2.32452 9.99973 
-8.19964 6.26643 3.06268 
-8.1995 9.99737 4.08607 
-8.19951 9.99741 2.70402 
-8.19953 7.66955 3.57296 
-8.19961 7.68916 -2.02192 
-8.19958 7.67019 -3.41628 
-8.1995 7.68295 2.11712 
-8.19949 7.68523 0.709118 
0.199929 5.6977 -19 
-0.241275 6.69609 -19 
2.8209 -5.74239 -18.9998 
2.40843 -6.36675 -18.9998 
7.06286 1.97365 -19 
9.47063 0.042371 -9.99988 
-4.71729 2.59435 15.6202 
-4.71448 2.60121 14.1271 
11.7994 0.02266 6.58805 
11.7995 -4.09041 6.26321 
11.7995 -2.61126 6.54298 
11.7996 -5.32053 5.05529 
11.7995 -6.4135 3.8384 
11.7995 8.79381 -9.99945 
9.47848 0.755854 9.99982 
9.44449 2.11972 9.99968 
11.7994 -1.26536 6.6553 
11.7995 0.617562 7.60209 
11.7995 -0.218284 8.81847 
11.7995 0.299132 9.9995 
11.7995 -1.07696 9.99948 
11.7996 -1.59666 8.81836 
11.7995 7.21744 9.99932 
10.8057 6.20904 9.99935 
11.7996 5.82812 9.99926 
10.8018 1.89136 9.99951 
10.8021 0.521933 9.99957 
11.7998 1.67901 9.99947 
9.38937 -1.9074 9.99975 
9.42634 -0.674212 9.9998 
7.55832 -6.30042 9.99957 
11.7996 1.16462 8.81929 
11.7995 3.5169 7.57107 
11.7995 2.0256 7.61797 
10.7712 9.99939 -6.20961 
11.7996 9.99914 -6.30579 
10.8163 9.99937 -7.71955 
11.7995 9.99878 -7.69648 
11.7995 4.83171 6.25927 
6.41492 -7.73326 -9.9994 
9.27337 -7.69231 -9.99947 
9.46595 -1.30939 -9.99975 
9.15487 -2.8498 -9.99971 
9.07563 4.15473 -9.9997 
7.82103 4.20652 -9.99994 
2.01512 7.00283 -10 
6.40777 8.20465 -9.99937 
4.85449 7.87772 -9.99958 
5.83594 9.99766 -9.99938 
7.19122 9.99773 -9.99943 
7.55589 7.89494 -9.99952 
8.98908 7.84703 -9.99943 
10.6035 7.72127 -9.99947 
11.7995 7.4184 -9.99942 
9.48311 5.40077 -9.99951 
7.8499 5.36094 -9.99969 
10.7814 4.9755 -9.99934 
11.7995 -0.73917 -7.61088 
11.7994 3.40569 -7.60767 
11.7994 2.01782 -7.62535 
11.7995 4.06586 -6.28526 
11.7994 5.28194 -6.5235 
11.7993 7.59245 -5.02651 
11.7994 7.61282 -3.61935 
10.7955 6.27974 -9.99934 
11.7996 6.02125 -9.99923 
11.7994 9.31567 -8.67556 
11.7994 8.2577 -8.76113 
11.7994 8.68465 -7.64093 
11.7995 5.5201 -8.80415 
11.7994 6.87719 -8.79935 
11.7994 6.0615 -7.56898 
11.7994 4.78485 -7.5683 
11.7994 6.32852 -6.30567 
11.7994 6.60643 -5.19312 
11.7996 9.9991 -4.91783 
11.7994 8.80396 -6.27409 
11.7994 8.80569 -4.88641 
10.7957 9.99944 3.49343 
10.7585 9.99942 2.15377 
11.7996 9.99912 4.74021 
5.52607 7.68154 9.9995 
4.07557 8.03487 9.99955 
7.83283 7.83236 9.99953 
9.23848 7.8312 9.99943 
9.59328 5.26194 9.9995 
9.18809 3.66927 9.99966 
10.7848 7.63133 9.99934 
9.2889 6.3982 9.99951 
8.09875 6.60052 9.99957 
6.74176 6.4319 9.99967 
8.03232 9.9997 5.08125 
9.1306 9.99965 4.91898 
11.7995 8.81678 6.15322 
11.7994 8.88795 7.48659 
11.7995 6.69459 8.80013 
11.7996 5.32671 8.80585 
11.7995 6.33874 7.5404 
11.7995 4.96189 7.54438 
11.7994 7.66263 7.45991 
11.7994 7.98963 8.709 
11.7995 7.54824 6.11835 
11.7996 8.81225 -0.723596 
11.7995 7.53805 3.4024 
11.7995 8.80619 -3.49337 
11.7995 8.80897 -2.09851 
-6.59376 -9.99954 6.27344 
-3.38709 -9.99968 4.57039 
-4.89058 -9.99964 4.71626 
-4.89157 -9.99958 6.16553 
-6.61414 -9.99959 4.87154 
4.73771 5.52933 18.9998 
-1.75277 4.90433 18.9997 
-2.64689 4.70107 18.9996 
-5.00408 1.66727 18.9999 
-4.44663 1.27049 18.9998 
-1.96388 3.4339 18.9999 
-0.680453 3.44081 19 
0.642986 4.71518 19 
1.81309 5.66591 19 
0.690856 3.4426 19.0001 
3.38956 5.72122 18.9999 
4.41264 6.50144 18.9999 
-3.3479 -0.511969 18.9998 
-3.16585 -1.57079 18.9998 
-2.01261 -1.89044 19 
-1.79749 -2.94687 19.0001 
-0.588214 -3.28322 19.0001 
-0.374683 -4.30026 19 
6.03919 1.9214 18.9999 
6.08422 0.526794 19 
6.09009 -0.863216 19 
4.81313 0.664608 19 
0.72595 -3.38779 19 
2.07368 -3.43096 19.0001 
4.8212 -0.713177 19.0001 
4.82113 -2.09255 19.0001 
5.30818 -9.99752 -9.99925 
4.73052 -9.99942 -9.99742 
3.90812 -9.99754 -9.99938 
3.34847 -9.99946 -9.99786 
6.67824 -9.99746 -9.99919 
7.50012 -9.99939 -9.9974 
6.1094 -9.99938 -9.99746 
0.591992 -9.99949 -9.99782 
1.96513 -9.99949 -9.9978 
4.78443 -9.99956 -7.70594 
3.35839 -9.99954 -7.65082 
10.7754 -9.99947 -4.89288 
9.09388 -9.99956 -6.15629 
10.763 -9.9994 -6.29447 
9.11667 -9.99965 -4.74494 
7.63411 -9.99972 -4.65417 
9.00782 -9.99941 -7.62805 
7.52183 -9.9995 -7.68039 
6.14014 -9.99955 -7.69818 
9.1047 -9.99961 4.97656 
7.89445 -9.99968 5.25092 
10.7789 -9.99945 4.77943 
9.22827 -9.99955 3.61288 
9.37796 -9.99953 2.68279 
10.7911 -9.99942 3.44706 
10.7404 -9.99946 2.16793 
10.7428 -9.99948 0.797123 
10.7659 -9.99945 -0.697232 
11.7995 -7.58294 -2.03571 
11.7993 -8.51984 8.71908 
11.7994 -6.65071 -0.593172 
11.7995 -7.6406 -0.62975 
11.7995 -7.60134 3.51339 
11.7995 -7.6072 1.9696 
11.7994 -7.60114 4.95949 
11.7994 -6.60753 0.605803 
11.7995 -7.63711 0.626647 
11.7996 -8.81394 1.91355 
11.7996 -8.81568 0.536668 
2.09405 -9.99965 7.69778 
0.729027 -9.99963 7.62748 
9.00026 -7.62665 9.99939 
10.6059 -7.81684 9.99927 
10.7675 -6.28308 9.99937 
11.7996 -6.59904 9.99939 
7.69279 -9.99964 6.36507 
6.52715 -9.99966 6.63933 
-0.651669 -9.99956 7.68663 
-0.732826 -9.99967 5.44318 
2.20579 -9.99948 9.9978 
0.82583 -9.99947 9.99781 
4.96428 -9.99945 9.99785 
3.58118 -9.99946 9.99785 
-2.17894 4.49402 -18.9998 
-3.2048 4.17723 -18.9998 
-0.973609 5.59014 -18.9999 
-0.781654 4.63542 -19 
1.33705 -5.61902 -19 
2.27697 -4.70332 -19.0001 
-0.165639 -5.57322 -18.9999 
-1.60276 -3.08386 -19 
-0.635057 -2.02567 -19.0001 
-0.533028 -3.33809 -19 
3.31156 4.71749 -18.9999 
3.03038 5.70365 -19 
1.90224 4.70904 -19 
1.52972 5.63667 -19 
3.658 -4.74693 -19 
-2.0636 3.31379 -18.9999 
-2.07507 2.04962 -18.9999 
-3.27558 -0.744755 -18.9998 
-0.677856 -0.679602 -19 
0.691577 -0.687734 -19.0001 
2.04569 3.43716 -19 
2.06897 0.689656 -19 
2.06704 2.06704 -19 
3.43491 2.06238 -19 
3.39201 3.41861 -18.9999 
4.34452 4.53933 -18.9998 
4.65011 3.3975 -18.9998 
11.7995 -1.50361 -6.64409 
11.7995 -3.10488 -6.37419 
11.7994 -4.84005 -6.25885 
11.7997 -9.99915 -5.31098 
11.7996 -9.99911 -6.69477 
9.12823 -9.99967 -1.86851 
9.11102 -9.99967 -3.25416 
11.7996 -9.99914 5.72894 
11.7997 -9.99918 4.34959 
11.7995 -8.80792 6.07428 
-8.19968 -2.0737 6.56534 
-8.19968 -0.705138 6.56679 
-8.19949 -4.96023 9.99733 
-8.19775 -3.046 9.99953 
-8.19952 -2.1891 9.99692 
-8.1995 -3.58073 9.99718 
-8.19962 -3.6646 6.32733 
-8.19951 -9.99726 4.39744 
-8.19955 -7.67764 4.81908 
-8.19958 -7.67015 3.46072 
-8.19959 -7.68383 2.08501 
-8.19954 -9.99728 3.01846 
-8.19954 -7.70134 6.13229 
-8.19954 -6.51844 5.26637 
-8.19786 -0.24785 9.99935 
-8.19782 -1.59953 9.99939 
-8.19954 2.06325 7.66806 
-8.19959 2.00072 6.36154 
-8.19762 2.55367 9.99962 
-8.19952 1.95037 9.99738 
-8.19772 1.11354 9.99953 
-8.19952 0.566889 9.99727 
-8.19953 -0.807254 9.99714 
-8.19954 -0.651625 7.69273 
-8.19958 -2.04021 7.69715 
-8.19957 -3.52049 7.68381 
-8.19953 -4.9808 7.68637 
-8.19951 -6.31192 7.66098 
-8.19954 -6.31793 6.32553 
-8.19955 -5.18717 6.61801 
-8.19958 -4.94031 5.22296 
-5.36539 9.9994 9.99741 
-4.92824 -9.99951 -6.28732 
-3.41327 -7.85407 -9.99951 
-2.2703 -8.13866 -9.99946 
-4.87612 4.68733 -9.99965 
-4.93925 3.32442 -9.99981 
0.655862 8.06874 -9.99963 
-0.922407 7.75661 -9.99963 
-2.49381 9.99748 -9.99922 
-3.03875 9.9995 -9.99745 
-1.66551 9.99943 -9.99747 
-3.38468 9.99957 -7.74997 
-2.10615 9.99959 -7.6871 
-2.58739 9.9997 -6.36768 
1.98846 9.99967 -7.72798 
2.65645 9.99974 -5.94006 
3.36774 9.99962 -7.72863 
0.710558 9.99967 -7.72381 
1.52283 9.99982 -5.99421 
1.0944 9.9995 -9.99786 
-0.284061 9.99946 -9.99741 
-1.33232 9.99968 -5.96881 
-0.694825 9.9996 -7.66864 
-8.19761 -3.62563 -9.99954 
-8.19766 -2.20032 -9.9996 
-1.12963 9.99754 -9.99927 
0.257248 9.99754 -9.99939 
1.64137 9.99765 -9.9995 
-3.59776 7.71225 -9.99936 
-2.27084 7.72606 -9.99947 
-4.93618 6.13502 -9.99945 
-5.03632 7.64052 -9.99942 
-6.60477 6.14967 -9.99939 
-6.60346 4.75207 -9.99947 
-6.61592 -9.99961 0.589153 
-8.19769 -9.99945 1.01094 
-8.19771 -9.99945 -0.370404 
-8.19955 -9.99728 1.64003 
-8.19954 -9.99728 0.260243 
-8.19955 -7.69933 -2.06696 
-8.19952 -7.67476 -3.53676 
-5.13366 -9.9997 -1.31835 
-5.26242 -9.9997 -0.007006 
-2.2018 -9.99952 -7.68149 
-3.49312 -9.99963 -6.29089 
-2.3968 -9.99962 -6.54543 
-5.07234 -9.99965 -4.05223 
-6.5883 -9.99957 -3.57039 
-6.63141 -9.99952 -4.84593 
-4.8156 -9.99945 7.63368 
-6.41795 -9.99943 7.75664 
-8.19952 -3.38947 -7.64152 
-8.19953 -6.25495 -4.79557 
-8.1995 -7.66196 -4.97606 
-5.37614 -5.21771 9.99948 
-6.64397 -6.19846 9.99937 
-5.05681 -6.32819 9.99964 
-3.93015 -6.50607 9.9996 
-5.04558 -7.79437 9.99945 
-2.14077 -9.99967 6.05783 
-3.40745 -9.99964 6.15989 
-2.0002 -9.99956 7.68711 
-3.36835 -9.99952 7.68453 
-3.68781 4.37227 -13.433 
-3.68957 4.37024 -14.8885 
7.54484 9.9997 -4.85216 
6.10192 9.9997 -6.24617 
7.73359 9.99954 -7.70922 
9.23208 9.99946 -7.64451 
10.6882 9.99945 0.658293 
10.8024 9.99946 -0.71357 
9.11212 9.99965 -4.76128 
10.7641 9.99947 -3.4364 
10.7662 9.99945 -4.81712 
-8.19947 7.73422 -7.51648 
-8.19951 6.33364 -7.65074 
-6.60994 9.99947 7.67522 
-5.05088 9.99944 7.64275 
-4.65681 9.99946 3.51552 
-3.15046 9.99944 4.75502 
-4.80232 9.99733 9.9995 
-3.92764 9.99944 9.99784 
-3.35653 9.99764 9.99938 
-4.82874 9.99963 4.7114 
-6.60827 9.99955 3.37931 
-6.60741 9.99958 6.15897 
-6.60393 9.99954 4.75503 
-5.20871 9.99968 -0.783758 
-5.27317 9.99964 0.387865 
-8.19951 9.99693 1.32167 
-8.19955 9.99696 -0.059296 
-8.19768 9.99927 0.730803 
-8.19766 9.99935 2.11508 
-8.19962 6.14252 -3.96974 
-3.561 -9.99951 -9.99767 
-4.95508 -9.99951 -9.99775 
-3.0063 -9.9977 -9.99946 
-1.65212 -9.99766 -9.99942 
-0.784858 -9.99948 -9.99781 
-2.17367 -9.99948 -9.99778 
1.14554 -9.99768 -9.9995 
-0.245533 -9.99767 -9.99945 
-6.7942 -3.9937 -9.99963 
-6.66104 -5.05399 -9.99955 
-6.56326 -6.37495 -9.99952 
-5.17302 -5.39747 -9.99974 
7.7869 0.107304 -18.9999 
7.06803 0.477729 -18.9999 
7.08684 -2.32403 -18.9999 
7.06866 -0.935413 -18.9999 
4.12058 -5.88897 -18.9999 
4.91142 -4.7037 -18.9999 
4.8432 -3.43427 -19 
-4.88217 6.17798 9.99947 
-6.61648 4.88598 9.99953 
-4.82363 7.63675 9.99939 
-3.36871 7.69788 9.99934 
-1.96972 9.99761 9.99935 
-0.555346 9.99756 9.99942 
-2.01127 9.99959 6.13179 
-0.766948 9.99957 7.703 
0.234385 9.9995 9.99786 
3.64702 9.99762 9.99949 
5.03022 9.99756 9.99945 
2.78398 8.13317 9.99968 
1.47062 8.12213 9.99968 
0.885156 9.99759 9.99948 
2.27494 9.99764 9.9995 
1.62007 9.99951 9.99783 
2.99675 9.99951 9.99783 
5.31485 9.99966 6.07207 
8.95191 9.9995 7.80219 
9.13221 9.9996 6.31664 
7.51783 9.99955 7.76227 
7.71576 9.99965 6.28687 
-6.54947 9.99949 -6.32266 
-6.29659 9.99945 -7.77115 
-4.75205 9.99947 -7.76288 
-3.54074 9.99956 -6.3145 
-6.66651 9.99955 2.02646 
-6.54254 9.99957 0.734784 
-6.63312 9.9996 -0.731441 
-6.64752 9.99958 -2.13032 
-8.19952 0.718359 7.68781 
-8.19954 0.631636 6.53628 
-8.19955 3.41868 7.65282 
-6.42849 7.77986 9.99946 
-6.59454 6.2831 9.99946 
-8.19769 -4.3638 9.99959 
-8.19958 9.99696 -1.43876 
-8.19957 9.99696 -2.81685 
6.08334 0.654945 -19 
6.00049 2.03669 -18.9999 
10.7854 0.876938 -9.99958 
10.784 -0.492653 -9.99957 
9.39569 2.70167 -9.99973 
9.4574 1.39109 -9.99979 
11.7995 -5.7238 8.80475 
11.7994 -7.09009 8.78751 
11.7998 -2.45561 9.99946 
11.7994 -5.2852 6.51932 
11.7994 -6.12061 7.57013 
11.7994 -6.32937 6.30391 
11.7995 -0.74614 7.61971 
11.7995 -2.10256 7.64811 
11.7995 -3.4792 7.60434 
11.7994 -4.84418 7.56895 
11.7997 -3.83638 9.99942 
10.7808 -4.89001 9.99936 
11.7997 -5.21623 9.99932 
9.09295 -6.17125 9.99944 
7.50815 -7.69223 9.9995 
10.7846 -3.53918 9.99945 
9.12445 -4.84639 9.99954 
10.8194 -0.812561 9.99955 
10.7753 -2.16417 9.9995 
10.7807 4.82247 9.99933 
10.7941 3.32145 9.99942 
11.7997 4.44782 9.99936 
11.7997 3.06186 9.99942 
11.7996 3.94292 8.80996 
11.7996 2.55345 8.81533 
11.7995 6.21732 4.9138 
11.7995 6.22387 6.21311 
11.7995 7.52598 4.75289 
11.7993 -9.03897 -8.60629 
11.7994 -8.13394 -8.66423 
11.7994 -6.88207 -8.76653 
7.75351 -7.70861 -9.99939 
9.1465 -6.14639 -9.99943 
7.71725 -6.18667 -9.99954 
9.14806 -4.69676 -9.99952 
10.7724 -4.82779 -9.99934 
11.7995 -5.52977 -8.80217 
11.7997 -5.02342 -9.99931 
11.7996 -4.14897 -8.80604 
10.7773 -6.23641 -9.99934 
11.7996 -6.3951 -9.9993 
10.7672 -1.89012 -9.99948 
10.766 -3.35385 -9.99942 
11.7998 -0.870305 -9.99947 
3.19256 8.12559 -9.99969 
1.92548 8.1553 -9.99968 
7.9455 6.70861 -9.99954 
9.20996 6.43888 -9.99948 
10.7977 3.6347 -9.99944 
10.7885 2.24089 -9.9995 
11.7997 1.88965 -9.99946 
11.7998 0.510227 -9.99949 
11.7996 0.012581 -8.81426 
11.7996 1.39144 -8.81529 
11.7995 4.14846 -8.80881 
11.7996 2.7681 -8.81468 
11.7997 4.64623 -9.99936 
11.7997 3.26808 -9.99942 
11.7994 7.35642 -7.58746 
11.7994 7.54832 -6.31958 
11.7995 8.80518 3.40815 
11.7995 8.8038 4.78393 
11.7997 9.99913 3.36444 
11.7997 9.99915 1.98904 
11.7997 9.99919 0.598196 
11.7997 9.99918 -0.785225 
11.7996 8.80854 0.648856 
11.7995 8.80569 2.03188 
11.7997 9.99915 -2.1576 
11.7997 9.99913 -3.53786 
-8.1976 -9.99944 3.77763 
-8.19765 -9.99945 2.39541 
-6.61339 -9.9996 3.48849 
-6.60583 -9.99961 2.04525 
-2.05238 2.09214 18.9999 
-0.689655 2.06897 19 
-3.3256 2.15741 18.9998 
-3.38353 0.891842 18.9998 
2.067 4.72918 19 
2.08116 3.43575 19 
2.06704 2.06704 19 
3.42368 3.39132 18.9999 
3.43792 2.0566 19 
6.03697 4.30279 18.9997 
4.74165 3.29021 18.9998 
-2.05922 0.718773 18.9999 
-2.03638 -0.634434 18.9999 
-0.687734 0.691576 19 
-0.682413 -0.676416 19 
2.06897 0.689656 19 
3.44636 0.687735 19 
2.06897 -0.689655 19 
3.44828 -0.689655 19.0001 
0.691577 -0.687734 19.0001 
-0.652232 -2.00801 19.0001 
0.699707 -2.05718 19.0001 
5.81909 3.00139 18.9998 
4.77779 2.01044 18.9999 
2.07089 -2.06704 19.0001 
3.44828 -2.06896 19.0001 
11.7994 -8.88869 -7.63939 
11.7995 -8.81578 -6.34512 
11.7995 -5.02232 -7.54322 
11.7995 -6.39496 -7.53897 
10.7704 -9.99947 -2.11445 
10.7717 -9.99949 -3.50408 
7.59318 -9.99962 -6.18108 
6.26868 -9.99967 -6.09721 
11.7994 -6.6106 5.18098 
11.7994 -7.56296 6.27038 
11.7995 -7.54827 -3.46742 
11.7995 -7.53607 -4.81402 
11.7996 -8.80791 -3.59826 
11.7996 -8.80658 -4.97432 
11.7997 -9.99921 -2.55059 
11.7997 -9.99919 -3.9304 
11.7998 -9.99922 0.212846 
11.7998 -9.99921 -1.16955 
11.7996 -8.81366 3.30475 
11.7995 -8.81173 4.69431 
11.7997 -9.99922 2.97789 
11.7997 -9.99924 1.59976 
11.7994 -7.43313 7.56303 
11.7994 -8.7728 7.43937 
11.7996 -8.80913 -2.22078 
11.7996 -8.8132 -0.837518 
-0.71022 3.42089 -19 
-0.689655 2.06897 -19 
0.525132 4.69823 -19 
0.666008 3.44158 -19.0001 
-0.231328 -4.39881 -19 
0.882585 -4.64038 -19 
3.44636 0.687735 -19 
4.81029 0.684958 -19 
4.82004 -0.692442 -19.0001 
4.7598 2.03936 -18.9999 
5.67485 3.21536 -18.9998 
4.82017 -2.07173 -19.0001 
6.09486 -0.736049 -19 
6.09465 -2.11645 -19 
0.747356 -3.39918 -19 
2.09409 -3.43365 -19.0001 
2.06897 -0.689655 -19 
3.44828 -0.689655 -19.0001 
3.44828 -2.06896 -19.0001 
3.47779 -3.44307 -19.0001 
0.70145 -2.05886 -19.0001 
2.07089 -2.06704 -19.0001 
-2.05678 0.67768 -18.9999 
-2.01413 -0.664914 -18.9999 
-0.687734 0.691576 -19 
0.689656 2.06897 -19.0001 
0.689656 0.689656 -19 
11.7994 -7.71596 -7.50782 
11.7995 -7.55803 -6.17905 
11.7995 -6.22387 -6.2131 
11.7995 -6.21488 -4.91285 
11.7995 -2.115 -7.62544 
11.7995 -3.59501 -7.56737 
3.0171 9.99767 -9.99948 
4.41983 9.99767 -9.99943 
5.2457 9.99951 -9.99779 
6.62871 9.99951 -9.99776 
4.8665 9.99963 -7.72861 
6.32765 9.99959 -7.73048 
2.47065 9.99952 -9.99779 
3.85646 9.99952 -9.99778 
-6.64682 -9.99962 -0.81452 
-6.59504 -9.99961 -2.2303 
-8.19768 -9.99943 -1.745 
-8.19764 -9.9994 -3.12671 
-8.19953 -9.99725 -1.11984 
-8.1995 -9.99722 -2.50203 
-3.56977 -9.99951 -7.74437 
-4.97446 -9.99944 -7.76446 
-3.66272 -9.9997 -5.21171 
-4.94153 -9.99963 -4.97573 
-8.19952 -4.87224 -6.19582 
-8.19949 -6.21035 -6.23046 
7.61072 9.99963 -6.21128 
9.13233 9.99957 -6.15037 
-8.19954 7.69694 -6.1067 
-8.19955 6.31962 -6.32453 
-8.19956 5.196 -6.61156 
-8.19953 5.00925 -7.67573 
-8.1976 9.99951 4.86979 
-8.19764 9.99943 3.48679 
-3.59006 9.99955 7.71503 
-4.915 9.99956 6.13862 
-2.5364 9.99949 9.99787 
-1.154 9.99949 9.9979 
-3.3837 9.99963 6.17642 
-2.19391 9.99958 7.72297 
-8.19954 7.67513 -4.79068 
-8.19954 6.52473 -5.26158 
6.20262 9.99955 7.7089 
6.6523 9.99963 6.45153 
-8.19769 9.99928 -0.661298 
-8.19767 9.99928 -2.03877 
-8.19954 4.87106 6.19187 
-8.19955 6.25117 4.80728 
-8.19949 6.20935 6.23069 
-8.1995 6.15822 7.66983 
-8.19952 4.77953 7.64463 
-6.89233 -3.71895 9.99961 
-6.69723 -4.85745 9.99951 
11.7996 -2.97562 8.81769 
11.7996 -4.35413 8.81106 
11.7997 -2.25433 -9.99943 
11.7997 -3.64082 -9.99939 
11.7996 -2.76118 -8.81251 
11.7996 -1.37283 -8.81566 
0.689656 2.06897 19.0001 
0.689656 0.689656 19 
3.47144 4.67142 18.9999 
4.53684 4.36768 18.9998 
-8.19949 7.64401 6.39328 
-8.1995 7.65919 5.00274 
-3.9 6.6 0 
-3.919 6.795 0 
-3.919 6.6 0.195 
-3.976 6.983 0 
-3.94 6.799 0.199 
-3.976 6.6 0.383 
-4.193 7.307 0 
-4.111 7.177 0.211 
-4.069 7.156 0 
-4.084 7.008 0.408 
-4.01 7.005 0.209 
-4.069 6.6 0.556 
-4.111 6.811 0.577 
-4.01 6.809 0.405 
-3.919 6.405 0 
-3.976 6.217 0 
-3.94 6.401 0.199 
-4.193 5.893 0 
-4.111 6.023 0.211 
-4.069 6.044 0 
-4.084 6.192 0.408 
-4.01 6.195 0.209 
-4.111 6.389 0.577 
-4.01 6.391 0.405 
-4.9 5.6 0 
-4.9 5.619 0.195 
-4.705 5.619 0 
-4.9 5.676 0.383 
-4.701 5.64 0.199 
-4.517 5.676 0 
-4.9 5.893 0.707 
-4.689 5.811 0.577 
-4.9 5.769 0.556 
-4.492 5.784 0.408 
-4.691 5.71 0.405 
-4.344 5.769 0 
-4.323 5.811 0.211 
-4.495 5.71 0.209 
-4.26 5.96 0.426 
-4.474 5.96 0.64 
-3.919 6.6 -0.195 
-3.94 6.799 -0.199 
-3.976 6.6 -0.383 
-4.111 7.177 -0.211 
-4.084 7.008 -0.408 
-4.01 7.005 -0.209 
-4.069 6.6 -0.556 
-4.111 6.811 -0.577 
-4.01 6.809 -0.405 
-3.94 6.401 -0.199 
-4.111 6.023 -0.211 
-4.084 6.192 -0.408 
-4.01 6.195 -0.209 
-4.111 6.389 -0.577 
-4.01 6.391 -0.405 
-4.9 5.619 -0.195 
-4.9 5.676 -0.383 
-4.701 5.64 -0.199 
-4.9 5.893 -0.707 
-4.689 5.811 -0.577 
-4.9 5.769 -0.556 
-4.492 5.784 -0.408 
-4.691 5.71 -0.405 
-4.323 5.811 -0.211 
-4.495 5.71 -0.209 
-4.26 5.96 -0.426 
-4.474 5.96 -0.64 
-5.607 5.893 0 
-5.095 5.619 0 
-5.099 5.64 0.199 
-5.283 5.676 0 
-5.111 5.811 0.577 
-5.308 5.784 0.408 
-5.109 5.71 0.405 
-5.456 5.769 0 
-5.477 5.811 0.211 
-5.305 5.71 0.209 
-5.54 5.96 0.426 
-5.099 5.64 -0.199 
-5.111 5.811 -0.577 
-5.308 5.784 -0.408 
-5.109 5.71 -0.405 
-5.477 5.811 -0.211 
-5.305 5.71 -0.209 
-5.54 5.96 -0.426 
-5.326 5.96 -0.64 
7.03356 5.22539 -2.96081 
7.03073 5.22194 -2.96656 
7.02924 5.22069 -2.96867 
-2.17416 -3.9941 4.49999 
-2.15447 -3.97459 4.51772 
-4.26 5.9902 -0.456212 
-4.2373 5.98991 -0.423685 
-4.26 6.00308 0.469088 
-4.22857 6.00141 0.422791 
-5.54 5.98166 -0.447658 
-5.55832 5.98416 -0.424124 
-5.32605 5.96006 -0.640001 
-5.62692 5.99675 -0.300568 
-5.67962 6.00814 -0.186904 
-5.67179 6.00579 -0.211008 
-5.32586 5.96005 -0.640093 
-5.32599 5.96005 -0.640036 
-5.111 5.94916 -0.715163 
-4.9 5.94874 -0.752775 
-4.8029 5.95282 -0.74474 
-4.98752 5.94692 -0.741017 
-4.68901 5.95864 -0.724645 
-4.47502 5.97316 -0.649999 
-4.50994 5.97052 -0.664917 
-4.45933 5.97467 -0.640008 
-5.70457 6.01181 4.53387e-06 
-5.68272 6.01673 0.211005 
-5.68487 6.01646 0.20039 
-5.6755 6.01729 0.23048 
-5.56705 5.99565 0.423238 
-5.33124 5.96001 0.634757 
-5.54 5.99032 0.456325 
-5.32478 5.95916 0.639634 
-5.32593 5.95927 0.639026 
-5.111 5.94396 0.709971 
-4.81251 5.94691 0.741001 
-4.90001 5.94279 0.747886 
-4.97875 5.94152 0.737607 
-4.45965 5.97435 0.639994 
-4.689 5.95434 0.720344 
-4.5061 5.96941 0.662244 
-4.47496 5.97242 0.649406 
5.72554 3.92012 -4.55031 
5.72177 3.91688 -4.55298 
6.14179 4.33351 -4.15245 
4.40518 2.58162 -5.41893 
-1.94044 -3.71858 4.71119 
-2.36829 -4.16113 4.32571 
-4.17792 6.38899 0.643924 
-4.1939 6.18076 0.552875 
-4.1842 6.28338 0.607952 
-4.17858 6.811 0.644589 
-4.17267 6.5477 0.674779 
-4.17165 6.6 0.681006 
-4.17282 6.65193 0.675016 
-4.18528 6.91819 0.608413 
-4.19515 7.01937 0.554519 
-4.19649 7.30921 -0.00567659 
-4.19655 7.30925 0.00578598 
-4.19765 7.26365 0.211005 
-4.19652 7.3099 6.412e-06 
-4.1988 7.15932 0.419743 
-4.19834 7.21393 0.337022 
-4.19087 6.18107 -0.548872 
-4.19043 6.27439 -0.610584 
-4.19188 6.0498 -0.419037 
-4.19501 7.26101 -0.210996 
-4.19176 7.01902 -0.550042 
-4.19306 7.15176 -0.419153 
-4.19113 6.92662 -0.610876 
-4.19391 7.21205 -0.330633 
-4.19927 6.04005 0.419794 
-4.18551 6.389 -0.651512 
-4.18701 6.811 -0.653005 
-4.1793 6.56476 -0.685285 
-4.17859 6.6 -0.689455 
-4.17952 6.63466 -0.685642 
-2.19694 4.01434 -4.48131 
-2.2021 4.01943 -4.47661 
-1.9949 3.77712 -4.66635 
-1.99373 3.7762 -4.66707 
-2.38124 4.17465 -4.31371 
-3.75726 5.56953 -2.27569 
-3.6752 5.45976 -2.49951 
-3.67608 5.46047 -2.49804 
5.90216 4.12696 -4.38134 
5.90945 4.13419 -4.37437 
4.02854 2.29569 -5.57249 
5.91512 -4.13785 4.37101 
5.9153 -4.13808 4.37084 
5.77157 -3.97116 4.50867 
5.77637 -3.97524 4.50527 
6.13622 -4.32782 4.15761 
-4.19945 7.04909 0.530904 
-4.19868 5.99954 0.357908 
-4.19979 6.09259 0.473069 
-4.2 6.13776 0.518534 
-4.27532 6.0038 0.485127 
-4.19601 7.28708 -0.100821 
-4.19084 6.86428 -0.635529 
-4.19259 5.98976 -0.330633 
-4.19033 6.31471 -0.626614 
-4.32022 5.9913 -0.51754 
-5.65491 6.01867 0.275286 
-5.05958 5.9414 0.719104 
-5.68023 6.00844 -0.183778 
-5.03506 5.94641 -0.729691 
3 0 1 2 
3 3 4 5 
3 4 0 5 
3 5 0 2 
3 6 4 3 
3 7 8 9 
3 10 11 12 
3 12 11 13 
3 5 2 17 
3 18 19 20 
3 21 22 23 
3 24 22 21 
3 21 23 25 
3 25 26 21 
3 27 28 29 
3 28 30 29 
3 31 32 33 
3 31 34 32 
3 35 34 31 
3 29 30 36 
3 37 38 39 
3 39 40 41 
3 39 41 37 
3 40 42 43 
3 41 40 44 
3 44 40 43 
3 44 43 28 
3 45 27 46 
3 47 45 46 
3 47 44 45 
3 44 28 45 
3 45 28 27 
3 48 49 50 
3 48 37 49 
3 37 41 49 
3 48 50 51 
3 51 50 52 
3 47 53 54 
3 50 54 53 
3 52 53 55 
3 50 53 52 
3 49 54 50 
3 49 41 54 
3 54 41 44 
3 54 44 47 
3 56 55 53 
3 56 53 47 
3 47 46 56 
3 57 58 59 
3 60 61 62 
3 59 63 61 
3 64 60 62 
3 61 65 62 
3 61 63 65 
3 48 65 63 
3 51 65 48 
3 66 67 68 
3 69 67 70 
3 66 70 67 
3 71 69 72 
3 71 67 69 
3 73 70 66 
3 74 73 66 
3 75 76 77 
3 78 79 80 
3 81 82 83 
3 79 83 80 
3 83 82 86 
3 86 82 84 
3 87 68 88 
3 89 88 90 
3 87 88 89 
3 88 91 90 
3 90 91 92 
3 92 93 90 
3 94 95 96 
3 97 98 99 
3 100 98 101 
3 102 103 104 
3 104 103 105 
3 95 106 107 
3 106 108 107 
3 33 109 110 
3 33 32 109 
3 111 112 113 
3 114 111 115 
3 110 109 116 
3 117 118 119 
3 120 119 121 
3 120 117 119 
3 122 119 118 
3 123 124 107 
3 107 108 123 
3 125 124 126 
3 123 126 124 
3 127 126 123 
3 128 129 130 
3 131 132 133 
3 139 140 137 
3 138 137 141 
3 142 15 143 
3 15 14 144 
3 143 145 146 
3 147 148 149 
3 152 133 153 
3 153 133 132 
3 153 132 97 
3 97 99 153 
3 153 154 152 
3 153 99 154 
3 155 99 156 
3 99 98 156 
3 154 99 155 
3 157 100 158 
3 100 159 158 
3 158 159 160 
3 156 98 157 
3 98 100 157 
3 160 102 161 
3 161 102 104 
3 161 104 151 
3 162 163 164 
3 164 163 165 
3 166 162 164 
3 167 156 168 
3 167 168 162 
3 156 157 168 
3 162 168 163 
3 155 156 167 
3 169 136 170 
3 169 171 139 
3 1 172 173 
3 2 1 173 
3 174 175 172 
3 174 172 1 
3 14 16 176 
3 177 178 176 
3 17 178 177 
3 17 2 178 
3 178 14 176 
3 179 180 173 
3 178 180 14 
3 180 178 2 
3 180 2 173 
3 179 173 172 
3 179 172 181 
3 181 172 175 
3 182 183 129 
3 182 129 128 
3 184 183 182 
3 184 185 186 
3 187 186 185 
3 188 189 190 
3 189 191 192 
3 189 192 190 
3 188 193 189 
3 13 194 195 
3 11 194 13 
3 196 197 198 
3 198 197 194 
3 198 194 11 
3 199 197 200 
3 196 200 197 
3 201 200 196 
3 202 171 169 
3 203 204 205 
3 206 207 208 
3 209 210 211 
3 210 212 213 
3 213 214 215 
3 212 214 213 
3 212 216 214 
3 214 217 218 
3 214 218 215 
3 216 217 214 
3 219 204 220 
3 219 221 222 
3 223 224 170 
3 223 222 224 
3 205 223 170 
3 205 204 223 
3 219 223 204 
3 222 223 219 
3 224 202 169 
3 224 169 170 
3 225 218 226 
3 226 224 225 
3 226 218 217 
3 226 202 224 
3 225 224 222 
3 221 225 222 
3 227 202 226 
3 226 217 227 
3 228 229 230 
3 231 232 233 
3 233 234 231 
3 233 235 234 
3 236 237 238 
3 238 237 239 
3 240 241 242 
3 243 155 167 
3 243 167 244 
3 244 167 162 
3 244 162 166 
3 4 245 0 
3 246 1 247 
3 246 174 1 
3 1 0 247 
3 248 249 245 
3 250 249 248 
3 248 245 4 
3 6 248 4 
3 251 252 253 
3 195 252 251 
3 251 253 249 
3 251 249 250 
3 195 194 252 
3 252 194 197 
3 252 197 199 
3 199 254 252 
3 252 254 253 
3 251 255 256 
3 250 255 251 
3 12 13 256 
3 195 256 13 
3 251 256 195 
3 257 258 259 
3 250 258 255 
3 39 38 260 
3 261 37 48 
3 48 63 261 
3 262 38 263 
3 263 264 262 
3 262 260 38 
3 262 264 265 
3 266 42 40 
3 266 40 39 
3 39 260 266 
3 266 260 267 
3 268 269 30 
3 28 268 30 
3 43 268 28 
3 43 42 268 
3 270 267 260 
3 270 260 262 
3 262 265 270 
3 270 265 271 
3 272 259 258 
3 272 258 250 
3 250 248 272 
3 272 248 6 
3 273 274 275 
3 273 275 57 
3 274 276 275 
3 274 277 276 
3 264 278 279 
3 278 280 279 
3 279 280 281 
3 264 279 265 
3 282 12 283 
3 9 10 282 
3 282 10 12 
3 278 284 280 
3 285 257 286 
3 284 285 280 
3 284 287 285 
3 287 257 285 
3 257 259 286 
3 288 121 119 
3 288 119 122 
3 122 289 288 
3 288 289 290 
3 81 291 292 
3 83 291 81 
3 83 79 291 
3 81 292 293 
3 292 294 295 
3 295 294 296 
3 292 291 294 
3 295 296 297 
3 293 298 299 
3 293 292 298 
3 298 292 295 
3 300 297 60 
3 300 60 64 
3 301 302 303 
3 304 305 306 
3 304 306 307 
3 308 301 303 
3 309 310 302 
3 301 309 302 
3 311 312 313 
3 313 312 309 
3 313 309 301 
3 311 307 312 
3 314 313 315 
3 315 313 301 
3 315 301 308 
3 314 311 313 
3 316 317 318 
3 318 311 314 
3 319 318 314 
3 316 318 319 
3 320 304 307 
3 320 307 311 
3 318 320 311 
3 317 320 318 
3 103 321 105 
3 322 323 94 
3 323 106 95 
3 94 323 95 
3 324 322 94 
3 325 322 324 
3 326 327 325 
3 105 327 326 
3 105 321 327 
3 328 329 330 
3 328 330 106 
3 330 331 108 
3 106 330 108 
3 323 328 106 
3 332 329 328 
3 330 333 331 
3 329 333 330 
3 329 20 333 
3 334 175 174 
3 335 336 254 
3 199 335 254 
3 337 338 335 
3 337 335 199 
3 199 200 337 
3 339 145 340 
3 179 339 340 
3 180 340 14 
3 179 340 180 
3 181 339 179 
3 181 341 339 
3 146 342 343 
3 146 145 342 
3 339 342 145 
3 341 342 339 
3 347 16 348 
3 348 16 15 
3 344 346 348 
3 176 16 349 
3 347 349 16 
3 148 350 346 
3 347 351 352 
3 348 351 347 
3 348 346 351 
3 352 353 354 
3 355 356 357 
3 358 359 360 
3 358 361 359 
3 356 362 357 
3 363 364 365 
3 366 364 367 
3 366 365 364 
3 356 367 362 
3 368 366 369 
3 369 366 367 
3 369 367 356 
3 370 371 368 
3 177 176 372 
3 176 349 372 
3 372 349 373 
3 3 5 374 
3 374 5 17 
3 375 376 377 
3 375 378 376 
3 377 376 8 
3 377 8 7 
3 379 380 11 
3 380 198 11 
3 379 11 10 
3 9 379 10 
3 8 379 9 
3 381 208 382 
3 208 207 382 
3 381 383 208 
3 383 384 385 
3 385 384 386 
3 383 387 384 
3 208 383 385 
3 385 386 388 
3 388 389 390 
3 390 389 196 
3 388 386 389 
3 389 201 196 
3 390 196 198 
3 380 390 198 
3 277 391 392 
3 391 282 392 
3 393 391 277 
3 393 7 391 
3 7 9 391 
3 391 9 282 
3 392 282 283 
3 277 392 276 
3 394 395 334 
3 394 334 174 
3 394 174 246 
3 246 336 394 
3 46 27 396 
3 326 325 397 
3 397 325 324 
3 95 398 399 
3 107 398 95 
3 107 124 398 
3 96 95 399 
3 400 401 402 
3 400 403 401 
3 404 405 406 
3 406 401 404 
3 406 405 96 
3 406 96 399 
3 404 401 403 
3 407 408 409 
3 407 409 410 
3 404 403 411 
3 411 403 412 
3 413 414 415 
3 125 415 414 
3 29 36 416 
3 402 416 400 
3 416 417 400 
3 416 36 417 
3 418 419 420 
3 421 422 24 
3 422 421 423 
3 21 421 24 
3 21 26 421 
3 422 92 91 
3 422 91 24 
3 424 26 425 
3 424 426 423 
3 423 421 424 
3 424 421 26 
3 425 427 428 
3 18 428 427 
3 18 427 19 
3 424 428 426 
3 425 428 424 
3 22 429 430 
3 71 72 429 
3 22 430 23 
3 431 91 432 
3 431 432 71 
3 88 432 91 
3 68 432 88 
3 68 67 432 
3 71 432 67 
3 431 71 429 
3 431 429 22 
3 24 431 22 
3 24 91 431 
3 69 433 434 
3 435 434 433 
3 69 70 433 
3 72 434 436 
3 69 434 72 
3 70 437 438 
3 84 438 437 
3 73 437 70 
3 439 437 73 
3 84 82 438 
3 82 435 438 
3 433 438 435 
3 70 438 433 
3 293 440 441 
3 435 82 441 
3 81 441 82 
3 293 441 81 
3 299 440 293 
3 442 436 443 
3 443 440 442 
3 443 436 434 
3 443 434 435 
3 435 441 443 
3 443 441 440 
3 444 229 445 
3 228 445 229 
3 446 447 448 
3 449 447 446 
3 231 450 232 
3 228 451 452 
3 453 452 451 
3 230 451 228 
3 454 455 456 
3 454 456 457 
3 457 234 454 
3 454 234 235 
3 458 459 460 
3 458 461 459 
3 461 462 459 
3 425 26 463 
3 25 463 26 
3 464 430 465 
3 429 465 430 
3 429 72 465 
3 72 436 465 
3 422 466 467 
3 466 422 423 
3 426 466 423 
3 92 467 93 
3 422 467 92 
3 468 27 469 
3 468 396 27 
3 27 29 469 
3 470 471 472 
3 473 471 470 
3 474 475 396 
3 474 396 468 
3 468 413 474 
3 473 476 471 
3 477 476 473 
3 477 478 476 
3 479 480 481 
3 482 483 484 
3 485 484 486 
3 486 484 483 
3 486 487 488 
3 486 483 487 
3 481 489 479 
3 490 491 492 
3 490 492 493 
3 491 494 495 
3 495 496 497 
3 492 495 497 
3 491 495 492 
3 494 498 499 
3 500 498 494 
3 495 499 496 
3 494 499 495 
3 501 489 498 
3 500 501 498 
3 502 501 500 
3 503 446 448 
3 503 448 453 
3 453 451 503 
3 502 504 501 
3 505 112 111 
3 114 505 111 
3 109 506 116 
3 479 507 480 
3 508 229 444 
3 444 509 508 
3 510 446 503 
3 460 511 458 
3 115 512 513 
3 514 513 512 
3 115 513 114 
3 515 516 517 
3 515 513 514 
3 514 516 515 
3 487 483 518 
3 519 520 517 
3 506 520 519 
3 519 517 516 
3 519 516 521 
3 521 116 519 
3 519 116 506 
3 522 523 112 
3 505 522 112 
3 109 524 506 
3 32 524 109 
3 35 525 34 
3 485 525 35 
3 485 486 525 
3 486 488 525 
3 526 527 528 
3 529 530 531 
3 532 533 534 
3 535 536 537 
3 535 538 539 
3 540 541 542 
3 543 544 545 
3 545 544 546 
3 547 548 415 
3 547 415 125 
3 125 126 547 
3 474 413 549 
3 413 415 549 
3 549 415 548 
3 298 295 550 
3 550 295 297 
3 550 297 300 
3 300 551 550 
3 62 65 552 
3 51 552 65 
3 460 459 553 
3 554 55 56 
3 499 555 556 
3 498 555 499 
3 498 489 555 
3 481 555 489 
3 496 556 557 
3 499 556 496 
3 558 556 559 
3 560 557 558 
3 558 557 556 
3 559 556 555 
3 559 555 481 
3 560 561 562 
3 558 561 560 
3 563 564 565 
3 565 562 563 
3 566 567 565 
3 565 567 562 
3 563 562 561 
3 470 472 568 
3 568 472 117 
3 568 117 120 
3 560 569 557 
3 570 569 560 
3 560 562 570 
3 570 562 567 
3 571 572 573 
3 574 571 573 
3 575 576 577 
3 577 578 575 
3 575 578 579 
3 580 575 579 
3 387 581 384 
3 387 582 581 
3 389 583 201 
3 386 583 389 
3 570 567 584 
3 566 585 586 
3 586 585 477 
3 565 585 566 
3 565 564 585 
3 478 585 564 
3 477 585 478 
3 521 516 587 
3 514 587 516 
3 588 511 589 
3 589 289 588 
3 589 290 289 
3 590 591 64 
3 592 591 590 
3 64 62 590 
3 62 552 590 
3 552 592 590 
3 112 593 113 
3 112 523 593 
3 523 594 593 
3 241 595 596 
3 597 596 595 
3 242 596 598 
3 241 596 242 
3 599 598 596 
3 599 596 597 
3 597 456 599 
3 599 456 455 
3 600 601 602 
3 602 601 603 
3 604 601 600 
3 600 605 604 
3 606 605 600 
3 606 600 602 
3 300 607 551 
3 64 607 300 
3 64 591 607 
3 608 290 589 
3 609 610 611 
3 609 611 612 
3 612 611 613 
3 56 614 554 
3 56 46 614 
3 46 396 614 
3 614 396 475 
3 545 546 615 
3 616 617 618 
3 619 620 621 
3 619 621 622 
3 623 619 622 
3 305 624 306 
3 305 625 624 
3 626 624 625 
3 626 625 627 
3 238 628 236 
3 238 629 628 
3 626 628 629 
3 627 628 626 
3 630 305 304 
3 123 631 127 
3 108 631 123 
3 108 331 631 
3 632 631 331 
3 615 546 633 
3 409 634 635 
3 408 634 409 
3 634 636 635 
3 634 405 636 
3 404 636 405 
3 411 636 404 
3 637 638 639 
3 635 638 637 
3 635 636 638 
3 411 638 636 
3 545 640 641 
3 615 640 545 
3 545 641 543 
3 642 549 548 
3 52 643 644 
3 643 592 644 
3 592 552 644 
3 644 552 51 
3 51 52 644 
3 645 377 646 
3 645 375 377 
3 646 377 7 
3 646 7 393 
3 647 646 393 
3 211 210 648 
3 210 213 648 
3 76 211 649 
3 211 648 649 
3 650 79 78 
3 79 651 652 
3 79 650 651 
3 650 647 651 
3 291 652 294 
3 291 79 652 
3 296 653 654 
3 654 653 59 
3 653 273 57 
3 653 57 59 
3 654 59 61 
3 60 654 61 
3 297 654 60 
3 297 296 654 
3 651 647 655 
3 647 393 655 
3 655 393 277 
3 655 277 274 
3 84 437 656 
3 656 437 439 
3 78 657 658 
3 657 645 658 
3 658 645 646 
3 658 646 647 
3 650 658 647 
3 78 658 650 
3 77 76 659 
3 76 649 659 
3 660 661 662 
3 77 659 660 
3 660 659 661 
3 662 661 657 
3 662 657 78 
3 656 663 664 
3 660 664 663 
3 660 663 77 
3 662 664 660 
3 662 85 664 
3 656 664 84 
3 665 666 667 
3 665 663 656 
3 656 439 665 
3 665 439 666 
3 77 668 75 
3 77 663 668 
3 665 668 663 
3 667 668 665 
3 669 670 447 
3 449 669 447 
3 671 672 673 
3 674 671 675 
3 674 676 671 
3 676 672 671 
3 677 576 678 
3 672 679 680 
3 678 680 679 
3 676 679 672 
3 676 681 679 
3 677 679 681 
3 678 679 677 
3 450 682 232 
3 675 682 450 
3 675 671 682 
3 671 673 682 
3 202 683 171 
3 227 683 202 
3 684 205 685 
3 684 203 205 
3 685 205 170 
3 686 135 687 
3 138 687 135 
3 686 688 689 
3 687 688 686 
3 690 685 691 
3 690 684 685 
3 692 690 691 
3 692 691 686 
3 686 689 692 
3 693 212 210 
3 209 693 210 
3 694 209 211 
3 694 211 76 
3 75 694 76 
3 695 696 419 
3 697 698 699 
3 699 467 697 
3 699 698 700 
3 699 93 467 
3 697 467 466 
3 697 696 698 
3 701 93 699 
3 699 700 701 
3 90 702 89 
3 90 93 702 
3 701 702 93 
3 703 702 701 
3 602 603 704 
3 705 19 427 
3 425 705 427 
3 425 463 705 
3 102 706 103 
3 707 706 102 
3 160 707 102 
3 159 707 160 
3 708 709 710 
3 711 709 708 
3 711 712 709 
3 713 714 715 
3 710 713 715 
3 709 713 710 
3 713 716 714 
3 717 716 713 
3 709 717 713 
3 712 717 709 
3 718 719 720 
3 721 719 718 
3 722 623 622 
3 722 622 723 
3 723 239 722 
3 722 239 237 
3 721 724 719 
3 725 726 620 
3 725 620 619 
3 727 728 729 
3 727 729 726 
3 727 726 725 
3 730 727 725 
3 731 689 732 
3 732 689 688 
3 732 688 131 
3 131 133 732 
3 733 734 731 
3 734 733 735 
3 732 733 731 
3 732 133 733 
3 152 733 133 
3 735 733 152 
3 736 154 155 
3 736 155 243 
3 152 737 735 
3 152 154 737 
3 737 154 736 
3 738 737 736 
3 739 740 741 
3 741 740 742 
3 743 744 741 
3 741 744 739 
3 743 741 742 
3 74 66 745 
3 745 66 68 
3 745 68 87 
3 460 553 746 
3 459 747 553 
3 459 462 747 
3 606 748 605 
3 440 749 442 
3 440 299 749 
3 750 705 463 
3 25 750 463 
3 751 752 753 
3 753 752 748 
3 753 748 606 
3 751 754 752 
3 242 755 756 
3 462 756 747 
3 462 240 756 
3 240 242 756 
3 757 500 758 
3 573 572 757 
3 572 502 757 
3 757 502 500 
3 758 500 494 
3 758 494 491 
3 577 576 759 
3 677 759 576 
3 574 760 761 
3 762 761 760 
3 763 761 762 
3 762 764 763 
3 765 764 766 
3 97 132 767 
3 767 132 769 
3 101 770 771 
3 100 771 159 
3 101 771 100 
3 708 710 770 
3 772 708 773 
3 773 708 770 
3 773 770 101 
3 772 711 708 
3 774 772 775 
3 775 776 774 
3 775 772 773 
3 775 773 768 
3 775 769 776 
3 777 711 772 
3 774 777 772 
3 774 776 778 
3 779 778 776 
3 780 781 739 
3 739 781 740 
3 782 783 777 
3 782 777 774 
3 774 778 782 
3 782 778 784 
3 743 785 744 
3 717 786 716 
3 787 788 703 
3 702 788 89 
3 702 703 788 
3 789 729 728 
3 789 790 791 
3 792 791 790 
3 358 793 794 
3 792 795 794 
3 360 793 358 
3 796 795 797 
3 796 361 358 
3 358 794 796 
3 796 794 795 
3 798 795 792 
3 792 790 798 
3 799 798 790 
3 371 800 801 
3 800 802 801 
3 801 802 365 
3 801 365 366 
3 368 801 366 
3 371 801 368 
3 803 186 187 
3 187 804 803 
3 363 805 806 
3 807 806 805 
3 807 805 808 
3 809 805 363 
3 363 365 809 
3 809 365 802 
3 799 790 810 
3 810 790 789 
3 789 728 810 
3 730 725 811 
3 811 725 619 
3 811 619 623 
3 812 712 711 
3 777 812 711 
3 783 812 777 
3 717 813 786 
3 712 813 717 
3 718 814 721 
3 815 333 20 
3 19 815 20 
3 816 817 721 
3 816 721 814 
3 817 724 721 
3 818 74 745 
3 819 623 722 
3 722 237 819 
3 820 536 535 
3 535 539 820 
3 821 822 823 
3 824 536 823 
3 820 823 536 
3 821 823 820 
3 825 826 827 
3 827 542 825 
3 827 826 822 
3 827 822 821 
3 825 542 541 
3 316 828 829 
3 319 828 316 
3 319 826 828 
3 825 828 826 
3 830 829 828 
3 830 828 825 
3 825 541 830 
3 830 541 831 
3 832 630 304 
3 832 304 320 
3 317 832 320 
3 833 625 305 
3 630 833 305 
3 834 835 819 
3 834 819 237 
3 834 237 236 
3 835 623 819 
3 836 837 838 
3 839 837 836 
3 813 840 786 
3 716 841 842 
3 842 841 787 
3 716 786 841 
3 842 787 703 
3 701 842 703 
3 701 700 842 
3 714 842 700 
3 716 842 714 
3 843 844 332 
3 18 20 844 
3 844 20 329 
3 332 844 329 
3 845 419 846 
3 845 846 321 
3 846 419 418 
3 103 845 321 
3 706 845 103 
3 706 695 845 
3 695 419 845 
3 847 96 848 
3 848 96 405 
3 848 405 634 
3 408 848 634 
3 324 94 847 
3 847 94 96 
3 849 408 407 
3 353 849 407 
3 850 326 851 
3 150 850 851 
3 851 326 397 
3 150 851 350 
3 151 850 150 
3 151 104 850 
3 104 105 850 
3 850 105 326 
3 476 852 471 
3 853 31 33 
3 852 854 855 
3 471 855 472 
3 471 852 855 
3 852 853 854 
3 853 33 854 
3 854 33 110 
3 855 856 857 
3 117 857 118 
3 472 857 117 
3 472 855 857 
3 855 854 856 
3 854 110 856 
3 115 111 858 
3 111 113 858 
3 859 860 861 
3 861 240 462 
3 461 861 462 
3 859 861 461 
3 858 860 859 
3 858 113 860 
3 856 862 863 
3 857 863 118 
3 857 856 863 
3 856 110 862 
3 110 116 862 
3 521 862 116 
3 864 863 865 
3 122 118 864 
3 864 118 863 
3 865 863 862 
3 865 862 521 
3 521 587 865 
3 547 126 866 
3 127 866 126 
3 867 537 536 
3 867 536 824 
3 868 538 869 
3 870 539 868 
3 868 539 538 
3 871 872 873 
3 873 874 871 
3 871 874 875 
3 876 369 877 
3 370 368 876 
3 876 368 369 
3 877 369 356 
3 877 356 355 
3 878 877 355 
3 879 629 238 
3 238 239 879 
3 880 881 882 
3 882 875 880 
3 880 875 874 
3 880 883 881 
3 302 310 884 
3 885 537 867 
3 532 534 886 
3 870 886 534 
3 868 886 870 
3 887 618 888 
3 616 618 887 
3 618 889 888 
3 890 887 888 
3 890 881 883 
3 891 892 893 
3 891 894 895 
3 896 892 897 
3 891 897 892 
3 895 897 891 
3 898 881 890 
3 890 888 898 
3 899 538 535 
3 535 537 899 
3 128 130 900 
3 900 130 533 
3 900 533 532 
3 901 902 579 
3 902 901 493 
3 901 579 578 
3 901 578 903 
3 903 490 901 
3 901 490 493 
3 902 580 579 
3 581 904 905 
3 386 905 583 
3 384 905 386 
3 384 581 905 
3 905 906 583 
3 905 904 906 
3 337 200 907 
3 201 907 200 
3 908 909 493 
3 909 902 493 
3 493 492 908 
3 492 497 908 
3 910 569 911 
3 497 496 910 
3 496 557 910 
3 910 557 569 
3 687 912 913 
3 912 687 138 
3 138 141 912 
3 912 141 779 
3 914 769 915 
3 769 132 915 
3 132 131 915 
3 912 779 914 
3 779 776 914 
3 914 776 769 
3 692 916 690 
3 780 917 781 
3 227 217 918 
3 216 918 217 
3 919 683 227 
3 227 918 919 
3 919 918 920 
3 921 917 780 
3 922 784 778 
3 922 778 779 
3 141 922 779 
3 140 923 924 
3 141 924 922 
3 137 924 141 
3 137 140 924 
3 925 678 926 
3 580 925 926 
3 678 576 926 
3 575 926 576 
3 575 580 926 
3 678 925 680 
3 927 928 929 
3 682 930 232 
3 682 673 930 
3 920 931 919 
3 919 932 683 
3 919 931 932 
3 683 933 171 
3 683 932 933 
3 924 934 922 
3 924 923 934 
3 935 936 140 
3 935 937 936 
3 139 935 140 
3 171 935 139 
3 171 933 935 
3 933 937 935 
3 936 938 923 
3 140 936 923 
3 165 939 940 
3 143 940 939 
3 149 939 165 
3 143 939 142 
3 146 940 143 
3 165 940 164 
3 941 942 166 
3 343 942 941 
3 164 941 166 
3 164 940 941 
3 146 941 940 
3 343 941 146 
3 943 944 149 
3 944 161 151 
3 149 944 147 
3 165 943 149 
3 163 943 165 
3 945 158 946 
3 945 946 943 
3 158 160 946 
3 946 160 161 
3 946 161 944 
3 943 946 944 
3 163 945 943 
3 168 945 163 
3 168 157 945 
3 157 158 945 
3 947 876 948 
3 360 359 947 
3 359 370 947 
3 947 370 876 
3 948 876 877 
3 948 877 878 
3 949 948 950 
3 360 947 949 
3 949 947 948 
3 950 948 878 
3 951 804 952 
3 952 953 951 
3 362 954 955 
3 367 954 362 
3 367 364 954 
3 951 953 955 
3 357 362 956 
3 362 955 956 
3 956 955 953 
3 957 958 187 
3 952 804 958 
3 187 958 804 
3 187 185 957 
3 959 357 960 
3 355 357 959 
3 357 956 960 
3 896 961 617 
3 896 897 961 
3 882 881 962 
3 898 962 881 
3 961 897 963 
3 895 963 897 
3 824 964 867 
3 824 308 964 
3 308 303 964 
3 884 965 966 
3 310 965 884 
3 310 872 965 
3 871 965 872 
3 967 966 965 
3 967 965 871 
3 871 875 967 
3 968 185 184 
3 968 184 182 
3 958 969 970 
3 969 958 957 
3 952 958 970 
3 971 969 957 
3 185 971 957 
3 971 185 968 
3 960 956 972 
3 956 953 972 
3 175 973 974 
3 974 341 181 
3 181 175 974 
3 189 975 191 
3 189 193 975 
3 807 975 193 
3 808 975 807 
3 526 976 527 
3 190 976 526 
3 190 192 976 
3 129 977 130 
3 978 528 529 
3 979 980 978 
3 979 978 977 
3 129 979 977 
3 183 979 129 
3 980 526 528 
3 980 528 978 
3 981 982 980 
3 981 980 979 
3 183 981 979 
3 188 190 982 
3 982 190 526 
3 982 526 980 
3 983 984 981 
3 983 981 183 
3 184 983 183 
3 184 186 983 
3 984 188 982 
3 984 982 981 
3 984 985 986 
3 188 986 193 
3 984 986 188 
3 983 985 984 
3 983 186 985 
3 803 985 186 
3 220 987 988 
3 219 988 221 
3 220 988 219 
3 989 988 990 
3 990 387 989 
3 990 988 987 
3 987 991 990 
3 990 991 582 
3 990 582 387 
3 989 387 383 
3 989 383 381 
3 381 221 989 
3 989 221 988 
3 203 992 993 
3 220 204 993 
3 203 993 204 
3 994 207 995 
3 648 213 994 
3 213 215 994 
3 994 215 207 
3 995 207 206 
3 995 206 378 
3 996 997 225 
3 996 382 997 
3 996 225 221 
3 381 996 221 
3 382 996 381 
3 207 997 382 
3 215 997 207 
3 215 218 997 
3 225 997 218 
3 998 216 212 
3 693 998 212 
3 999 1000 669 
3 669 1000 670 
3 999 1001 1000 
3 999 1002 1001 
3 765 1001 1002 
3 766 1001 765 
3 231 234 1003 
3 457 1003 234 
3 1004 1005 1006 
3 723 622 1004 
3 622 621 1004 
3 621 1005 1004 
3 1005 616 1006 
3 1006 616 887 
3 1007 883 880 
3 880 874 1007 
3 1008 1006 1009 
3 1009 1006 887 
3 1009 887 890 
3 890 883 1009 
3 723 1004 1008 
3 1008 1004 1006 
3 1010 1011 1012 
3 1008 1012 1011 
3 879 1011 1010 
3 879 239 1011 
3 723 1011 239 
3 1008 1011 723 
3 1009 1012 1008 
3 1009 883 1012 
3 1007 1012 883 
3 1010 1012 1007 
3 1013 1014 247 
3 1013 254 1014 
3 0 1013 247 
3 0 245 1013 
3 249 1013 245 
3 249 253 1013 
3 253 254 1013 
3 254 336 1014 
3 246 1014 336 
3 247 1014 246 
3 1015 1016 1017 
3 1016 255 1017 
3 283 1016 1015 
3 283 12 1016 
3 12 256 1016 
3 1016 256 255 
3 1017 255 258 
3 1017 258 257 
3 287 1017 257 
3 1015 1017 287 
3 58 1018 1019 
3 57 1018 58 
3 57 275 1018 
3 1019 278 264 
3 263 1019 264 
3 58 1019 263 
3 58 1021 1020 
3 261 1021 37 
3 280 1022 281 
3 280 285 1022 
3 285 286 1022 
3 265 1023 271 
3 265 279 1023 
3 279 281 1023 
3 1024 267 1025 
3 1024 42 266 
3 266 267 1024 
3 1026 1025 267 
3 1026 267 270 
3 270 271 1026 
3 268 1027 269 
3 42 1027 268 
3 1024 1027 42 
3 1018 1028 1029 
3 275 1028 1018 
3 275 276 1028 
3 1029 284 278 
3 1019 1029 278 
3 1018 1029 1019 
3 1028 1030 1031 
3 1030 1015 1031 
3 276 1030 1028 
3 276 392 1030 
3 392 283 1030 
3 1030 283 1015 
3 1031 1015 287 
3 1031 287 284 
3 1029 1031 284 
3 1028 1031 1029 
3 306 624 1032 
3 873 872 1033 
3 1034 1033 1035 
3 312 1034 1035 
3 1035 1033 872 
3 1035 872 310 
3 309 1035 310 
3 312 1035 309 
3 307 1034 312 
3 307 306 1034 
3 306 1032 1034 
3 1034 1032 1033 
3 1036 315 1037 
3 1037 822 1036 
3 1037 315 308 
3 1037 308 824 
3 824 823 1037 
3 1037 823 822 
3 1036 822 826 
3 1036 826 319 
3 319 314 1036 
3 1036 314 315 
3 1038 418 1039 
3 418 843 1039 
3 1039 843 332 
3 321 1038 327 
3 321 846 1038 
3 846 418 1038 
3 1040 1039 1041 
3 1040 1041 322 
3 1039 332 1041 
3 1041 332 328 
3 1041 328 323 
3 322 1041 323 
3 325 1040 322 
3 327 1040 325 
3 327 1038 1040 
3 1038 1039 1040 
3 338 1042 1043 
3 1043 1042 395 
3 1043 395 394 
3 394 336 1043 
3 335 1043 336 
3 338 1043 335 
3 1044 1042 338 
3 337 1044 338 
3 907 1044 337 
3 1045 942 343 
3 342 1045 343 
3 1046 354 1047 
3 1047 373 1046 
3 1046 373 349 
3 1046 349 347 
3 347 352 1046 
3 1046 352 354 
3 354 353 1048 
3 353 407 1048 
3 1048 407 410 
3 351 1049 1050 
3 1050 849 353 
3 352 1050 353 
3 351 1050 352 
3 346 1049 351 
3 346 350 1049 
3 361 1051 1052 
3 1052 371 370 
3 359 1052 370 
3 361 1052 359 
3 1053 954 1054 
3 951 955 1053 
3 1053 955 954 
3 1054 954 364 
3 1054 364 363 
3 363 806 1054 
3 808 805 1055 
3 809 1055 805 
3 1056 1057 1058 
3 1058 1057 1059 
3 1060 1061 1062 
3 1060 1062 1063 
3 1064 290 608 
3 1065 121 1066 
3 1064 1065 1066 
3 1066 121 288 
3 288 290 1066 
3 1066 290 1064 
3 1067 1022 1068 
3 1068 1022 286 
3 1067 281 1022 
3 1060 1063 1069 
3 1070 1071 259 
3 1072 1071 1070 
3 1070 259 272 
3 272 6 1070 
3 6 1072 1070 
3 1071 1068 286 
3 259 1071 286 
3 1073 412 1074 
3 1074 1075 1073 
3 1074 412 403 
3 1074 403 400 
3 400 417 1074 
3 417 1075 1074 
3 1076 639 638 
3 1076 638 411 
3 411 412 1076 
3 1077 1078 831 
3 1078 1077 530 
3 1077 831 541 
3 1077 541 540 
3 540 531 1077 
3 1077 531 530 
3 529 1079 530 
3 528 1079 529 
3 528 527 1079 
3 809 1080 1055 
3 1080 809 802 
3 1081 1048 1082 
3 1081 354 1048 
3 1082 1048 410 
3 1083 373 1047 
3 1083 1084 1085 
3 372 373 1085 
3 373 1083 1085 
3 1086 1084 1087 
3 1086 177 372 
3 1086 372 1085 
3 1085 1084 1086 
3 3 1088 1089 
3 374 1088 3 
3 6 1089 1072 
3 3 1089 6 
3 911 569 1090 
3 570 1090 569 
3 584 1090 570 
3 1063 1062 1091 
3 395 1092 1093 
3 175 1093 973 
3 334 1093 175 
3 395 1093 334 
3 395 1094 1092 
3 1042 1094 395 
3 1063 1091 1095 
3 1096 1072 1089 
3 1097 1098 1088 
3 1098 1096 1089 
3 1098 1089 1088 
3 1099 1087 1100 
3 1099 1100 374 
3 1101 1100 1087 
3 1101 1097 1100 
3 1097 1088 1100 
3 374 1100 1088 
3 374 17 1099 
3 1099 17 177 
3 1099 177 1086 
3 1086 1087 1099 
3 206 1102 1103 
3 206 208 1102 
3 208 385 1102 
3 1102 385 388 
3 378 1103 376 
3 378 206 1103 
3 1103 1104 1105 
3 1105 1104 380 
3 1103 1102 1104 
3 1102 388 1104 
3 1104 388 390 
3 1104 390 380 
3 1105 380 379 
3 8 1105 379 
3 376 1105 8 
3 376 1103 1105 
3 1106 847 1107 
3 1107 847 848 
3 1107 848 408 
3 849 1107 408 
3 397 324 1106 
3 1106 324 847 
3 1108 398 1109 
3 1108 1109 401 
3 1109 398 124 
3 1109 124 125 
3 125 414 1109 
3 1109 414 402 
3 401 1109 402 
3 406 1108 401 
3 399 1108 406 
3 1108 399 398 
3 1110 1111 414 
3 469 1111 1110 
3 1110 414 413 
3 468 1110 413 
3 469 1110 468 
3 29 1111 469 
3 29 416 1111 
3 1111 416 402 
3 414 1111 402 
3 417 1112 1075 
3 36 1112 417 
3 1113 843 1114 
3 1114 426 1113 
3 1114 843 418 
3 1114 418 420 
3 1113 426 428 
3 1113 428 18 
3 18 844 1113 
3 1113 844 843 
3 1115 466 1116 
3 1115 1116 420 
3 1116 466 426 
3 1114 1116 426 
3 420 1116 1114 
3 419 1115 420 
3 1115 419 696 
3 1115 696 697 
3 697 466 1115 
3 1117 1118 464 
3 1117 464 465 
3 436 1117 465 
3 436 442 1117 
3 749 1117 442 
3 1119 1120 1121 
3 447 1119 448 
3 447 670 1119 
3 670 1120 1119 
3 1120 674 1121 
3 1121 674 675 
3 1122 1121 1123 
3 453 448 1122 
3 448 1119 1122 
3 1119 1121 1122 
3 1121 675 1123 
3 1123 675 450 
3 1124 1123 1125 
3 1125 1126 1124 
3 1125 1123 450 
3 1125 450 231 
3 231 1003 1125 
3 1125 1003 1126 
3 1124 1126 452 
3 1124 452 453 
3 453 1122 1124 
3 1124 1122 1123 
3 860 1127 1128 
3 1128 241 240 
3 861 1128 240 
3 860 1128 861 
3 113 1127 860 
3 113 593 1127 
3 1127 1129 1130 
3 1130 595 241 
3 1128 1130 241 
3 1127 1130 1128 
3 593 1129 1127 
3 593 594 1129 
3 1129 1131 1132 
3 594 1131 1129 
3 594 509 1131 
3 444 1131 509 
3 1130 1132 595 
3 1129 1132 1130 
3 1133 1132 1134 
3 597 595 1133 
3 1133 595 1132 
3 1134 1132 1131 
3 1134 1131 444 
3 444 445 1134 
3 1133 1135 1136 
3 1134 1135 1133 
3 1134 445 1135 
3 457 456 1136 
3 597 1136 456 
3 1133 1136 597 
3 1137 1126 1138 
3 1138 1135 1137 
3 1138 1126 1003 
3 1138 1003 457 
3 457 1136 1138 
3 1138 1136 1135 
3 1137 1135 445 
3 1137 445 228 
3 228 452 1137 
3 1137 452 1126 
3 458 511 1139 
3 588 1139 511 
3 1140 859 1141 
3 1141 1142 1140 
3 1141 859 461 
3 1141 461 458 
3 458 1139 1141 
3 1141 1139 1142 
3 1140 1142 512 
3 1140 512 115 
3 115 858 1140 
3 1140 858 859 
3 1143 1144 853 
3 1143 853 852 
3 476 1143 852 
3 478 1143 476 
3 1144 35 31 
3 1144 31 853 
3 1145 1146 1144 
3 1145 1144 1143 
3 478 1145 1143 
3 478 564 1145 
3 1146 485 35 
3 1146 35 1144 
3 1146 1147 1148 
3 485 1148 484 
3 1146 1148 485 
3 1145 1147 1146 
3 1145 564 1147 
3 563 1147 564 
3 559 1149 1150 
3 481 1149 559 
3 481 480 1149 
3 482 1149 480 
3 558 1150 561 
3 559 1150 558 
3 1151 1148 1152 
3 1152 1150 1151 
3 1152 1148 1147 
3 1152 1147 563 
3 563 561 1152 
3 1152 561 1150 
3 1151 1150 1149 
3 1151 1149 482 
3 482 484 1151 
3 1151 484 1148 
3 571 1153 572 
3 1154 1153 571 
3 763 764 1155 
3 765 1155 764 
3 508 509 1156 
3 230 229 1157 
3 508 1157 229 
3 1158 449 446 
3 1158 446 510 
3 1159 1160 510 
3 1160 1158 510 
3 503 1159 510 
3 503 451 1159 
3 230 1159 451 
3 1161 518 483 
3 1161 483 482 
3 482 480 1161 
3 1161 480 507 
3 763 1162 761 
3 1163 1162 1164 
3 1164 1154 1163 
3 1163 1154 571 
3 1163 571 574 
3 574 761 1163 
3 1163 761 1162 
3 1154 1165 1153 
3 1165 1154 1164 
3 1166 1156 509 
3 1166 509 594 
3 523 1166 594 
3 1156 1167 1168 
3 1168 1157 508 
3 508 1156 1168 
3 515 1169 1170 
3 517 1169 515 
3 520 1169 517 
3 114 513 1170 
3 515 1170 513 
3 114 1171 505 
3 1170 1171 114 
3 1169 1171 1170 
3 1153 1172 1173 
3 1153 1165 1172 
3 1165 1174 1172 
3 1173 504 502 
3 572 1173 502 
3 1153 1173 572 
3 1175 1176 746 
3 608 1176 1175 
3 1175 1064 608 
3 589 1176 608 
3 589 511 1176 
3 460 1176 511 
3 746 1176 460 
3 1177 1142 1178 
3 1178 1142 1139 
3 1178 1139 588 
3 1177 587 514 
3 514 512 1177 
3 1177 512 1142 
3 487 1179 488 
3 518 1179 487 
3 1180 1155 1181 
3 1181 1155 765 
3 765 1002 1181 
3 1182 1180 1181 
3 1002 1182 1181 
3 1183 1184 449 
3 1184 999 669 
3 1184 669 449 
3 1183 449 1158 
3 1157 1185 1186 
3 1185 1160 1186 
3 1185 1157 1168 
3 1167 1185 1168 
3 1160 1159 1186 
3 1186 1159 230 
3 230 1157 1186 
3 1187 1167 1188 
3 505 1189 522 
3 505 1171 1189 
3 34 1190 1191 
3 525 1190 34 
3 525 488 1190 
3 32 1191 524 
3 34 1191 32 
3 1190 1192 1193 
3 1190 1193 1191 
3 488 1192 1190 
3 488 1179 1192 
3 1194 1195 1166 
3 1194 1188 1195 
3 1194 1166 523 
3 522 1194 523 
3 1195 1188 1167 
3 1167 1156 1195 
3 1195 1156 1166 
3 1196 1188 1197 
3 1194 1197 1188 
3 522 1197 1194 
3 522 1189 1197 
3 1187 1188 1196 
3 1198 1199 1200 
3 1198 1196 1199 
3 1196 1197 1199 
3 1199 1197 1189 
3 1201 1202 1169 
3 1200 1202 1201 
3 520 1201 1169 
3 1203 1200 1201 
3 1200 1199 1202 
3 1199 1189 1202 
3 1202 1189 1171 
3 1169 1202 1171 
3 1204 1203 1205 
3 524 1204 1205 
3 1203 1201 1205 
3 1205 1201 520 
3 506 1205 520 
3 524 1205 506 
3 1191 1204 524 
3 1191 1193 1204 
3 977 1206 1207 
3 130 1207 533 
3 130 977 1207 
3 977 978 1206 
3 978 529 1206 
3 1206 529 531 
3 1207 1208 1209 
3 533 1209 534 
3 533 1207 1209 
3 1207 1206 1208 
3 1206 531 1208 
3 540 1208 531 
3 1210 1209 1211 
3 870 534 1210 
3 1210 534 1209 
3 1211 1209 1208 
3 1211 1208 540 
3 540 542 1211 
3 821 1212 1213 
3 1210 1213 1212 
3 820 1212 821 
3 820 539 1212 
3 870 1212 539 
3 1210 1212 870 
3 1211 1213 1210 
3 1211 542 1213 
3 827 1213 542 
3 821 1213 827 
3 615 633 1214 
3 632 331 1215 
3 1215 331 333 
3 1215 333 815 
3 1216 632 1217 
3 1216 127 631 
3 1216 631 632 
3 127 1218 866 
3 1218 127 1216 
3 1219 642 548 
3 547 1219 548 
3 547 866 1219 
3 1218 1219 866 
3 1220 546 544 
3 1221 614 1222 
3 1222 614 475 
3 614 1221 554 
3 643 52 1223 
3 1223 52 55 
3 1223 55 554 
3 1221 1223 554 
3 1224 1073 1225 
3 1225 1073 1075 
3 36 1226 1112 
3 30 1226 36 
3 30 269 1226 
3 1227 1226 269 
3 1228 758 1229 
3 573 757 1228 
3 1228 757 758 
3 1229 758 491 
3 1229 491 490 
3 903 1229 490 
3 903 578 1230 
3 577 1230 578 
3 1231 1232 1233 
3 1233 1228 1231 
3 1233 1232 760 
3 1233 760 574 
3 574 573 1233 
3 1233 573 1228 
3 1231 1228 1229 
3 1231 1229 903 
3 903 1230 1231 
3 1231 1230 1232 
3 1234 1232 1235 
3 762 760 1234 
3 1234 760 1232 
3 1235 1232 1230 
3 1235 1230 577 
3 577 759 1235 
3 1178 1236 1237 
3 864 1237 1236 
3 588 1236 1178 
3 588 289 1236 
3 122 1236 289 
3 864 1236 122 
3 865 1237 864 
3 865 587 1237 
3 1177 1237 587 
3 1178 1237 1177 
3 704 603 1238 
3 1239 1240 601 
3 604 1239 601 
3 929 1239 604 
3 929 928 1239 
3 601 1240 603 
3 550 1241 298 
3 550 551 1241 
3 1242 551 607 
3 1243 611 610 
3 1244 1245 1246 
3 612 613 1244 
3 1244 613 1245 
3 1246 1245 1247 
3 1248 1249 1250 
3 1251 1252 591 
3 1246 1252 1251 
3 1244 1246 1251 
3 1252 1242 607 
3 1252 607 591 
3 612 1253 1254 
3 1248 1254 1249 
3 609 1254 1248 
3 609 612 1254 
3 612 1244 1253 
3 1244 1251 1253 
3 1255 1256 1005 
3 621 1255 1005 
3 620 1255 621 
3 1256 896 617 
3 1256 617 616 
3 1005 1256 616 
3 961 963 1257 
3 882 962 1258 
3 1259 1258 962 
3 898 1259 962 
3 1259 1260 1261 
3 1261 1260 889 
3 898 1260 1259 
3 898 888 1260 
3 888 889 1260 
3 1262 894 1263 
3 1263 1264 1262 
3 1265 1264 950 
3 950 878 1265 
3 1262 1264 1266 
3 1265 1266 1264 
3 1267 1257 963 
3 895 1267 963 
3 867 1268 885 
3 867 964 1268 
3 303 302 1269 
3 302 884 1269 
3 1270 972 1271 
3 1270 1271 970 
3 972 953 1271 
3 952 1271 953 
3 970 1271 952 
3 969 1270 970 
3 967 1272 1273 
3 1258 1273 1272 
3 967 875 1272 
3 882 1272 875 
3 882 1258 1272 
3 967 1273 966 
3 1258 1274 1275 
3 1259 1274 1258 
3 1267 1276 1257 
3 1277 889 1278 
3 1277 1278 1257 
3 618 1278 889 
3 617 1278 618 
3 617 961 1278 
3 1257 1278 961 
3 1277 1257 1276 
3 1277 1276 1279 
3 1261 1277 1279 
3 1261 889 1277 
3 1280 1032 1281 
3 873 1033 1280 
3 1280 1033 1032 
3 1281 1032 624 
3 1281 624 626 
3 626 629 1281 
3 1280 1282 1283 
3 1010 1283 1282 
3 1281 1282 1280 
3 1281 629 1282 
3 879 1282 629 
3 1010 1282 879 
3 1007 1283 1010 
3 1007 874 1283 
3 873 1283 874 
3 1280 1283 873 
3 1224 1284 1285 
3 1076 1285 1284 
3 1076 1284 639 
3 1076 412 1285 
3 1073 1285 412 
3 1073 1224 1285 
3 1286 410 1287 
3 1288 1082 1286 
3 1082 410 1286 
3 410 409 1287 
3 409 635 1287 
3 1287 635 637 
3 1289 633 546 
3 1220 1289 546 
3 1290 1222 475 
3 474 1290 475 
3 474 549 1290 
3 1290 549 642 
3 1291 1248 1292 
3 1292 1248 1250 
3 1291 610 609 
3 1291 609 1248 
3 661 1293 1294 
3 659 1293 661 
3 659 649 1293 
3 1294 375 645 
3 657 1294 645 
3 661 1294 657 
3 1293 1295 1296 
3 1295 995 1296 
3 649 1295 1293 
3 649 648 1295 
3 648 994 1295 
3 1295 994 995 
3 1296 995 378 
3 1296 378 375 
3 1294 1296 375 
3 1293 1296 1294 
3 652 1297 1298 
3 1298 1297 273 
3 652 651 1297 
3 651 655 1297 
3 1297 655 274 
3 1297 274 273 
3 1298 273 653 
3 296 1298 653 
3 294 1298 296 
3 294 652 1298 
3 1299 666 1300 
3 666 1299 667 
3 1301 1302 1120 
3 670 1301 1120 
3 1000 1301 670 
3 1302 681 676 
3 1302 676 674 
3 1120 1302 674 
3 1303 759 677 
3 677 681 1303 
3 1304 1305 1306 
3 1304 1307 1305 
3 1305 1307 1308 
3 1307 1304 1309 
3 1310 1311 1312 
3 1313 1310 1312 
3 1313 1312 1314 
3 1309 1310 1313 
3 1309 1304 1310 
3 1310 1304 1306 
3 1310 1306 1311 
3 1315 695 706 
3 707 1315 706 
3 1316 698 1317 
3 1318 1316 1317 
3 1317 698 696 
3 1317 696 695 
3 1315 1317 695 
3 1318 1317 1315 
3 715 1316 1318 
3 715 714 1316 
3 714 700 1316 
3 1316 700 698 
3 1319 1318 1320 
3 771 1319 1320 
3 1320 1318 1315 
3 1320 1315 707 
3 159 1320 707 
3 771 1320 159 
3 770 1319 771 
3 770 710 1319 
3 710 715 1319 
3 1319 715 1318 
3 1321 630 1322 
3 1321 833 630 
3 1322 630 832 
3 1323 627 625 
3 1323 625 833 
3 1321 1323 833 
3 1324 1325 1326 
3 1325 834 236 
3 1325 236 628 
3 1325 628 627 
3 1323 1325 627 
3 1326 1325 1323 
3 1327 1328 1329 
3 1330 1328 1327 
3 817 1329 724 
3 1327 1329 817 
3 1331 728 727 
3 1331 727 730 
3 1332 1051 361 
3 796 1332 361 
3 797 1332 796 
3 742 740 1333 
3 1334 1335 1336 
3 742 1333 1334 
3 1334 1333 1335 
3 743 742 1337 
3 1337 742 1334 
3 1338 1331 730 
3 1339 811 1340 
3 1338 730 1339 
3 1339 730 811 
3 1340 811 623 
3 1340 623 835 
3 1341 1342 1343 
3 1343 1342 785 
3 1343 785 743 
3 1343 743 1337 
3 1344 1345 1346 
3 1344 1346 1338 
3 1347 1348 1339 
3 1348 1349 1344 
3 1348 1344 1338 
3 1348 1338 1339 
3 1347 1339 1340 
3 1347 1350 1351 
3 1348 1351 1349 
3 1347 1351 1348 
3 1300 1352 1353 
3 1353 1352 74 
3 1300 666 1352 
3 666 439 1352 
3 1352 439 73 
3 1352 73 74 
3 1353 74 818 
3 1354 818 1355 
3 1353 818 1354 
3 1356 87 1357 
3 818 1356 1355 
3 818 745 1356 
3 1356 745 87 
3 1357 87 89 
3 788 1357 89 
3 1358 1327 817 
3 1358 817 816 
3 704 1238 1359 
3 1330 1360 1328 
3 1361 1351 1362 
3 841 1361 1362 
3 1362 1351 1350 
3 841 1362 787 
3 786 1361 841 
3 786 840 1361 
3 840 1349 1361 
3 1361 1349 1351 
3 1328 1363 1329 
3 1364 838 1365 
3 1365 838 837 
3 1364 1366 838 
3 1367 1368 724 
3 1367 837 1368 
3 1329 1367 724 
3 1363 1367 1329 
3 1363 1365 1367 
3 1365 837 1367 
3 839 1368 837 
3 720 1368 839 
3 720 719 1368 
3 724 1368 719 
3 1369 1370 1255 
3 620 1369 1255 
3 726 1369 620 
3 1370 892 896 
3 1370 896 1256 
3 1255 1370 1256 
3 1371 1175 1372 
3 1372 1175 746 
3 553 1372 746 
3 747 1373 1374 
3 553 1374 1372 
3 747 1374 553 
3 756 1373 747 
3 756 755 1373 
3 233 1375 235 
3 929 604 1376 
3 1376 604 605 
3 599 1377 598 
3 1377 599 455 
3 1378 748 752 
3 1379 1377 455 
3 454 1379 455 
3 1379 454 235 
3 1375 1379 235 
3 1380 754 1381 
3 1380 1381 1377 
3 1381 754 1382 
3 1381 1382 755 
3 242 1381 755 
3 1381 242 598 
3 1377 1381 598 
3 1377 1378 1380 
3 1378 752 1380 
3 1380 752 754 
3 1372 1383 1384 
3 1371 1384 1247 
3 1372 1384 1371 
3 1374 1383 1372 
3 1385 1382 1386 
3 1386 1382 754 
3 1386 754 751 
3 1373 1387 1388 
3 1374 1388 1383 
3 1373 1388 1374 
3 755 1387 1373 
3 755 1382 1387 
3 1385 1387 1382 
3 1389 1390 1391 
3 1234 1391 1390 
3 766 1390 1389 
3 766 764 1390 
3 762 1390 764 
3 1234 1390 762 
3 1235 1391 1234 
3 1235 759 1391 
3 1303 1391 759 
3 1389 1391 1303 
3 1263 1392 1393 
3 1263 894 1392 
3 891 1392 894 
3 893 1392 891 
3 1369 1394 1395 
3 726 1394 1369 
3 726 729 1394 
3 893 892 1395 
3 1370 1395 892 
3 1369 1395 1370 
3 1396 1394 1397 
3 1397 1394 729 
3 1397 729 789 
3 789 791 1397 
3 893 1395 1396 
3 1396 1395 1394 
3 1398 793 1399 
3 1398 791 792 
3 792 794 1398 
3 1398 794 793 
3 1393 1400 1401 
3 949 1401 1400 
3 1399 1400 1393 
3 1399 793 1400 
3 360 1400 793 
3 949 1400 360 
3 950 1401 949 
3 950 1264 1401 
3 1263 1401 1264 
3 1393 1401 1263 
3 1056 1402 1057 
3 1403 1404 1045 
3 973 1404 1403 
3 342 1403 1045 
3 341 1403 342 
3 974 1403 341 
3 973 1403 974 
3 1045 1404 1405 
3 1404 1406 1405 
3 1407 244 166 
3 942 1407 166 
3 1408 986 1409 
3 1409 986 985 
3 1409 985 803 
3 1408 806 807 
3 807 193 1408 
3 1408 193 986 
3 1053 1410 1411 
3 1409 1411 1410 
3 1054 1410 1053 
3 1054 806 1410 
3 1408 1410 806 
3 1409 1410 1408 
3 803 1411 1409 
3 803 804 1411 
3 951 1411 804 
3 1053 1411 951 
3 1412 1413 799 
3 1413 797 795 
3 1413 795 798 
3 799 1413 798 
3 1311 1414 1415 
3 1311 1306 1414 
3 782 1416 783 
3 784 1416 782 
3 812 1417 1418 
3 712 1418 813 
3 812 1418 712 
3 783 1417 812 
3 1416 1417 783 
3 1345 1419 1420 
3 1344 1419 1345 
3 1344 1349 1419 
3 840 1419 1349 
3 1341 1420 1342 
3 1345 1420 1341 
3 1215 1421 1422 
3 632 1422 1217 
3 632 1215 1422 
3 1215 815 1421 
3 1423 1424 829 
3 830 1423 829 
3 1423 830 831 
3 1078 1423 831 
3 1424 316 829 
3 1425 1426 1427 
3 1426 317 1427 
3 1322 832 1426 
3 1426 832 317 
3 1427 317 316 
3 1427 316 1424 
3 1428 814 718 
3 1428 1429 1430 
3 1429 1324 1430 
3 718 1429 1428 
3 718 720 1429 
3 1430 1324 1326 
3 1428 1430 1431 
3 1432 1420 1433 
3 1418 1432 1433 
3 1433 1420 1419 
3 1433 1419 840 
3 813 1433 840 
3 1418 1433 813 
3 1417 1432 1418 
3 1432 1342 1420 
3 1434 1106 1435 
3 1049 1434 1435 
3 1435 1106 1107 
3 1435 1107 849 
3 1050 1435 849 
3 1049 1435 1050 
3 350 1434 1049 
3 350 851 1434 
3 851 397 1434 
3 1434 397 1106 
3 868 1436 886 
3 869 1436 868 
3 537 1437 899 
3 1437 537 885 
3 1436 1438 1439 
3 1438 1436 869 
3 1439 532 886 
3 1439 886 1436 
3 1440 900 532 
3 1440 532 1439 
3 1441 1442 1438 
3 1441 1438 869 
3 538 1441 869 
3 1441 538 899 
3 1437 1441 899 
3 968 182 1443 
3 1443 182 128 
3 583 1444 201 
3 583 906 1444 
3 1445 1446 1447 
3 1448 1447 1449 
3 1448 1445 1447 
3 1449 1447 1061 
3 1449 1061 1060 
3 1450 1445 1448 
3 1451 991 987 
3 220 1451 987 
3 993 1451 220 
3 992 1451 993 
3 1452 1453 904 
3 581 1452 904 
3 582 1452 581 
3 991 1452 582 
3 1454 1455 906 
3 904 1454 906 
3 1453 1454 904 
3 906 1455 1444 
3 1456 1457 1458 
3 1069 1457 1456 
3 1456 1458 1459 
3 1069 1063 1457 
3 1095 1457 1063 
3 1455 1460 1444 
3 1455 1461 1460 
3 1461 1450 1460 
3 908 497 1462 
3 497 910 1462 
3 1462 910 911 
3 1463 1464 1465 
3 1466 1467 1468 
3 921 1468 917 
3 1466 1468 921 
3 1468 1469 1470 
3 1467 1469 1468 
3 1468 1470 917 
3 1471 1472 1463 
3 1472 1471 916 
3 1470 1471 1463 
3 1469 1471 1470 
3 1469 916 1471 
3 1472 916 692 
3 689 1472 692 
3 1472 689 731 
3 734 1472 731 
3 734 1464 1472 
3 1463 1472 1464 
3 1473 1474 920 
3 1474 931 920 
3 1473 920 918 
3 1473 918 216 
3 998 1473 216 
3 1475 902 909 
3 1476 1313 1477 
3 1477 1313 1314 
3 1307 1476 1308 
3 1307 1309 1476 
3 1476 1309 1313 
3 1478 1479 1480 
3 1480 1479 1481 
3 1477 1314 1478 
3 1478 1314 1479 
3 1482 1483 925 
3 1483 672 680 
3 925 1483 680 
3 1484 1485 580 
3 1484 580 902 
3 1475 1484 902 
3 1485 1482 925 
3 1485 925 580 
3 1486 673 1487 
3 1486 930 673 
3 1487 673 672 
3 1487 672 1483 
3 1488 1375 1489 
3 1488 1489 930 
3 1375 233 1489 
3 233 232 1489 
3 232 930 1489 
3 1488 930 1486 
3 933 1490 937 
3 932 1490 933 
3 931 1490 932 
3 1491 1492 1493 
3 1494 1495 934 
3 923 1494 934 
3 938 1494 923 
3 1496 1497 937 
3 1490 1496 937 
3 1493 1496 1490 
3 1493 1492 1496 
3 1497 938 936 
3 937 1497 936 
3 1498 1499 959 
3 1265 878 1499 
3 878 355 1499 
3 1499 355 959 
3 1500 1268 1501 
3 964 1501 1268 
3 964 303 1501 
3 303 1269 1501 
3 968 1502 971 
3 1443 1502 968 
3 976 1503 527 
3 1301 1504 1505 
3 1389 1505 1504 
3 1000 1504 1301 
3 1000 1001 1504 
3 766 1504 1001 
3 1389 1504 766 
3 1303 1505 1389 
3 1303 681 1505 
3 1302 1505 681 
3 1301 1505 1302 
3 1506 1023 281 
3 1506 281 1067 
3 1507 1026 1508 
3 1508 1026 271 
3 1026 1507 1025 
3 1509 1510 1027 
3 1024 1509 1027 
3 1024 1025 1509 
3 1507 1509 1025 
3 1227 269 1510 
3 1510 269 1027 
3 1058 1059 1511 
3 470 1512 1513 
3 568 1512 470 
3 470 1513 473 
3 1508 271 1514 
3 1514 271 1023 
3 1514 1023 1506 
3 1067 1515 1506 
3 1516 1517 1518 
3 1516 1518 1519 
3 1520 1521 1522 
3 1523 1512 1524 
3 1523 1524 1525 
3 1525 1524 1517 
3 1513 1512 1523 
3 120 1526 1527 
3 121 1526 120 
3 121 1065 1526 
3 1512 1527 1524 
3 568 1527 1512 
3 120 1527 568 
3 1528 1064 1175 
3 1175 1371 1528 
3 1529 1525 1517 
3 1529 1517 1516 
3 1515 1529 1516 
3 1068 1530 1531 
3 1531 1529 1515 
3 1067 1531 1515 
3 1068 1531 1067 
3 1532 1533 1534 
3 1534 1533 1535 
3 1534 1535 1059 
3 1057 1534 1059 
3 1536 1530 1068 
3 1071 1536 1068 
3 1537 1424 1423 
3 615 1538 640 
3 1214 1538 615 
3 1079 1539 1540 
3 527 1539 1079 
3 527 1503 1539 
3 1540 1078 530 
3 1079 1540 530 
3 1541 191 1542 
3 191 975 1542 
3 808 1542 975 
3 1543 800 371 
3 1052 1543 371 
3 1051 1543 1052 
3 1544 1080 1545 
3 1545 1080 802 
3 1545 802 800 
3 1544 1546 1547 
3 1545 1546 1544 
3 1547 1402 1056 
3 1548 1056 1549 
3 1080 1544 1548 
3 1544 1547 1548 
3 1548 1547 1056 
3 1549 1056 1058 
3 1550 1511 1551 
3 1549 1058 1550 
3 1550 1058 1511 
3 1552 1541 1553 
3 1553 1541 1542 
3 808 1553 1542 
3 1553 808 1055 
3 1080 1553 1055 
3 1541 1552 1554 
3 1288 1286 1555 
3 1556 1081 1557 
3 1557 1081 1082 
3 1557 1082 1288 
3 1558 1559 1083 
3 1558 1083 1047 
3 354 1558 1047 
3 1558 354 1081 
3 1556 1558 1081 
3 1560 1561 1084 
3 1561 1101 1087 
3 1561 1087 1084 
3 1554 1562 1563 
3 1562 1551 1563 
3 1552 1562 1554 
3 1562 1550 1551 
3 1511 1564 1565 
3 1565 1564 1566 
3 1511 1059 1564 
3 1059 1535 1564 
3 1566 1564 1535 
3 1565 1551 1511 
3 1567 1563 1568 
3 1568 1563 1551 
3 1568 1551 1565 
3 1567 1569 1570 
3 1569 1559 1570 
3 1568 1569 1567 
3 1570 1559 1558 
3 1570 1558 1556 
3 1571 1572 1083 
3 1571 1083 1559 
3 1569 1571 1559 
3 1560 1084 1572 
3 1083 1572 1084 
3 1532 1573 1533 
3 1574 1575 1560 
3 1574 1533 1575 
3 1566 1535 1574 
3 1574 1535 1533 
3 1575 1533 1573 
3 1575 1561 1560 
3 1092 1576 1577 
3 1094 1576 1092 
3 1094 1459 1576 
3 1092 1577 1093 
3 1459 1578 1576 
3 1459 1458 1578 
3 1090 1579 1580 
3 1579 1090 584 
3 1445 1579 1446 
3 1090 1580 911 
3 1061 1581 1582 
3 1061 1582 1062 
3 1447 1581 1061 
3 1447 1446 1581 
3 1583 586 1584 
3 1584 586 477 
3 473 1584 477 
3 473 1513 1584 
3 1585 1586 1521 
3 1582 1586 1585 
3 1585 1521 1520 
3 1091 1585 1520 
3 1062 1585 1091 
3 1062 1582 1585 
3 1586 586 1583 
3 1586 1583 1521 
3 1587 1588 586 
3 1581 1588 1587 
3 1587 586 1586 
3 1582 1587 1586 
3 1581 1587 1582 
3 1446 1588 1581 
3 1446 1579 1588 
3 1588 1579 584 
3 584 567 1588 
3 1588 567 566 
3 586 1588 566 
3 1589 1590 1042 
3 1044 1589 1042 
3 1590 1456 1459 
3 1590 1459 1094 
3 1042 1590 1094 
3 1591 1458 1592 
3 1591 1578 1458 
3 1592 1458 1457 
3 1592 1457 1095 
3 1593 1522 1594 
3 1593 1520 1522 
3 1595 1594 1596 
3 1595 1593 1594 
3 1536 1596 1530 
3 1597 1598 1593 
3 1592 1598 1597 
3 1597 1593 1595 
3 1599 1597 1595 
3 1591 1597 1599 
3 1591 1592 1597 
3 1592 1095 1598 
3 1095 1091 1598 
3 1598 1091 1520 
3 1598 1520 1593 
3 1600 1098 1097 
3 1096 1601 1072 
3 1602 1603 1101 
3 1602 1101 1561 
3 1575 1602 1561 
3 1575 1573 1602 
3 1603 1600 1097 
3 1603 1097 1101 
3 1604 704 1359 
3 1605 1606 1118 
3 1605 1118 1117 
3 749 1605 1117 
3 1607 1608 1606 
3 1607 1604 1608 
3 1604 1359 1608 
3 479 1609 507 
3 1180 1610 1611 
3 1610 1162 1611 
3 1610 1174 1165 
3 1610 1165 1164 
3 1162 1610 1164 
3 1611 1162 763 
3 763 1155 1611 
3 1155 1180 1611 
3 1182 1612 1613 
3 1613 1612 1184 
3 1182 1002 1612 
3 1612 1002 999 
3 1612 999 1184 
3 1613 1184 1183 
3 1610 1614 1174 
3 1180 1614 1610 
3 1174 1614 1615 
3 1172 1616 1617 
3 1173 1617 504 
3 1173 1172 1617 
3 1172 1174 1616 
3 1174 1615 1616 
3 1616 1615 1618 
3 504 1619 1620 
3 1620 1619 1609 
3 504 1617 1619 
3 1620 1609 479 
3 479 489 1620 
3 501 1620 489 
3 504 1620 501 
3 1621 1158 1622 
3 1160 1622 1158 
3 1622 1160 1623 
3 1183 1158 1621 
3 1623 1160 1624 
3 1185 1624 1160 
3 1625 1185 1626 
3 1167 1626 1185 
3 1626 1167 1187 
3 1624 1185 1625 
3 1179 1627 1192 
3 1628 1629 1193 
3 1629 1203 1204 
3 1193 1629 1204 
3 1192 1628 1193 
3 1627 1628 1192 
3 1627 1630 1628 
3 1631 1187 1632 
3 1632 1187 1196 
3 1632 1196 1198 
3 1625 1626 1631 
3 1631 1626 1187 
3 1633 1634 1629 
3 1634 1198 1200 
3 1634 1200 1203 
3 1629 1634 1203 
3 1628 1633 1629 
3 1630 1633 1628 
3 1635 1636 1637 
3 1637 1424 1635 
3 1637 1636 1638 
3 1637 1638 1425 
3 1425 1427 1637 
3 1637 1427 1424 
3 1635 1424 1537 
3 1635 1537 1639 
3 1639 1640 1641 
3 1214 1640 1639 
3 1214 633 1640 
3 1635 1641 1636 
3 1639 1641 1635 
3 1217 1642 1643 
3 1425 1638 1643 
3 1217 1422 1642 
3 1644 1645 1638 
3 1218 1645 1644 
3 1644 1638 1636 
3 1218 1216 1645 
3 1216 1217 1645 
3 1645 1217 1643 
3 1645 1643 1638 
3 1646 1647 1648 
3 1646 1649 1647 
3 1219 1650 642 
3 1651 1652 1640 
3 1647 1652 1651 
3 1651 1640 633 
3 1289 1651 633 
3 1648 1651 1289 
3 1648 1647 1651 
3 1652 1641 1640 
3 1653 1644 1636 
3 1653 1636 1641 
3 1652 1653 1641 
3 1654 1655 643 
3 1249 1655 1654 
3 1250 1654 1656 
3 1250 1249 1654 
3 643 1655 592 
3 1657 1223 1658 
3 1659 1657 1658 
3 1221 1658 1223 
3 1656 1657 1659 
3 1656 1654 1657 
3 1654 643 1657 
3 1657 643 1223 
3 1660 1221 1661 
3 1661 1221 1222 
3 1661 1222 1662 
3 1659 1658 1660 
3 1660 1658 1221 
3 1224 1225 1663 
3 1664 1243 610 
3 1664 610 1291 
3 1225 1665 1666 
3 1225 1075 1665 
3 1665 1075 1112 
3 1225 1666 1663 
3 1227 1667 1668 
3 1227 1510 1667 
3 1510 1669 1667 
3 1665 1670 1671 
3 1670 1668 1671 
3 1665 1112 1670 
3 1670 1112 1226 
3 1670 1226 1227 
3 1670 1227 1668 
3 1671 1668 1672 
3 1671 1672 1673 
3 1666 1671 1673 
3 1665 1671 1666 
3 1674 1675 1241 
3 1674 1241 551 
3 1242 1674 551 
3 1676 613 1677 
3 1678 1676 1677 
3 1677 613 611 
3 1677 611 1243 
3 1679 1677 1243 
3 1678 1677 1679 
3 1676 1245 613 
3 1680 1681 592 
3 1253 1681 1680 
3 1680 592 1655 
3 1249 1680 1655 
3 1254 1680 1249 
3 1254 1253 1680 
3 1253 1251 1681 
3 1251 591 1681 
3 592 1681 591 
3 1675 1682 1683 
3 1683 749 299 
3 298 1683 299 
3 298 1241 1683 
3 1675 1683 1241 
3 1684 1685 1675 
3 1684 1388 1685 
3 1684 1675 1674 
3 1684 1383 1388 
3 1685 1388 1387 
3 1685 1387 1385 
3 1685 1385 1682 
3 1685 1682 1675 
3 1686 1687 1242 
3 1686 1384 1687 
3 1686 1242 1252 
3 1246 1686 1252 
3 1246 1247 1686 
3 1686 1247 1384 
3 1687 1384 1383 
3 1687 1383 1684 
3 1687 1684 1674 
3 1687 1674 1242 
3 1262 1688 1689 
3 1688 1267 1689 
3 1262 1266 1688 
3 895 1689 1267 
3 895 894 1689 
3 1262 1689 894 
3 1690 1691 1688 
3 1691 1690 1498 
3 1690 1688 1266 
3 1265 1690 1266 
3 1265 1499 1690 
3 1690 1499 1498 
3 1692 1693 1500 
3 1500 1501 1692 
3 1692 1501 1269 
3 1692 1269 1694 
3 1694 1269 884 
3 884 966 1694 
3 1273 1694 966 
3 1695 1696 1697 
3 1695 1275 1696 
3 1273 1695 1697 
3 1258 1695 1273 
3 1258 1275 1695 
3 1698 1699 1270 
3 1699 960 972 
3 1699 972 1270 
3 1700 1701 1699 
3 1498 959 1701 
3 1701 959 960 
3 1701 960 1699 
3 1700 1699 1698 
3 1500 1693 1702 
3 1276 1703 1704 
3 1276 1267 1703 
3 1688 1703 1267 
3 1703 1688 1691 
3 1279 1276 1704 
3 1259 1705 1274 
3 1259 1261 1705 
3 1261 1279 1705 
3 1275 1706 1696 
3 1696 1706 1707 
3 1708 1700 1698 
3 1709 1710 1711 
3 1712 1713 1714 
3 1712 1698 1713 
3 1711 1712 1714 
3 1710 1712 1711 
3 1710 1708 1712 
3 1708 1698 1712 
3 1698 1270 1713 
3 969 1713 1270 
3 1714 1713 969 
3 1715 637 1716 
3 1555 1286 1715 
3 1286 1287 1715 
3 1715 1287 637 
3 1716 637 639 
3 1284 1716 639 
3 1284 1717 1716 
3 1718 1648 1719 
3 1719 1648 1289 
3 1719 1289 1220 
3 1718 1646 1648 
3 1720 642 1721 
3 1721 642 1650 
3 1721 1650 1649 
3 1662 1222 1720 
3 1290 1720 1222 
3 1720 1290 642 
3 1722 1656 1723 
3 1723 1656 1659 
3 1722 1724 1292 
3 1292 1250 1722 
3 1722 1250 1656 
3 209 1725 1726 
3 694 1725 209 
3 209 1726 693 
3 927 1727 928 
3 1728 1729 1730 
3 694 1731 1725 
3 75 1731 694 
3 1359 1238 1732 
3 1238 1733 1732 
3 1734 1735 1736 
3 1734 1300 1735 
3 1732 1734 1736 
3 1733 1734 1732 
3 1733 1299 1734 
3 1299 1300 1734 
3 1300 1353 1735 
3 1735 1353 1354 
3 1737 1738 1733 
3 1737 1733 1238 
3 603 1737 1238 
3 1240 1737 603 
3 1738 1299 1733 
3 1739 1740 1486 
3 1740 1729 1728 
3 1740 1728 1488 
3 1486 1740 1488 
3 1487 1739 1486 
3 1741 1474 1742 
3 1473 1742 1474 
3 998 1742 1473 
3 1743 1744 1745 
3 1743 1745 1483 
3 1745 1739 1487 
3 1483 1745 1487 
3 1482 1743 1483 
3 1480 1743 1482 
3 1480 1481 1743 
3 1743 1481 1744 
3 1739 1746 1747 
3 1740 1747 1729 
3 1739 1747 1740 
3 1745 1746 1739 
3 1745 1744 1746 
3 1744 1741 1746 
3 1748 1726 1749 
3 1729 1748 1749 
3 1749 1726 1725 
3 1729 1749 1730 
3 1747 1748 1729 
3 1750 1731 1751 
3 1727 1750 1751 
3 1727 1751 928 
3 1730 1750 1727 
3 1730 1749 1750 
3 1749 1725 1750 
3 1750 1725 1731 
3 1752 1753 1240 
3 1239 1752 1240 
3 928 1752 1239 
3 928 1751 1752 
3 1753 1738 1737 
3 1240 1753 1737 
3 1754 1755 1753 
3 1755 1754 1731 
3 1752 1754 1753 
3 1751 1754 1752 
3 1751 1731 1754 
3 1755 1731 75 
3 668 1755 75 
3 1755 668 667 
3 1299 1755 667 
3 1299 1738 1755 
3 1753 1755 1738 
3 1305 1308 1756 
3 1757 1358 816 
3 1758 1323 1759 
3 1431 1430 1758 
3 1430 1326 1758 
3 1758 1326 1323 
3 1759 1323 1321 
3 1346 1760 1761 
3 1760 799 1761 
3 1760 1412 799 
3 1761 799 810 
3 1761 810 728 
3 1761 728 1331 
3 1338 1761 1331 
3 1346 1761 1338 
3 1762 1332 1763 
3 1763 1332 797 
3 1413 1763 797 
3 1762 1051 1332 
3 1764 1765 1766 
3 1336 1765 1764 
3 1336 1335 1765 
3 1767 1768 1765 
3 1767 1769 1768 
3 1335 1767 1765 
3 1765 1768 1766 
3 1770 1771 1772 
3 1771 1407 1772 
3 1771 243 244 
3 1771 244 1407 
3 1773 1774 1770 
3 738 1774 1773 
3 1773 1770 1775 
3 1776 1773 1775 
3 738 736 1774 
3 1774 736 243 
3 1774 243 1771 
3 1774 1771 1770 
3 1768 1777 1778 
3 1777 738 1778 
3 1769 1777 1768 
3 1777 1769 734 
3 1777 734 735 
3 737 1777 735 
3 1777 737 738 
3 1778 738 1773 
3 1778 1773 1776 
3 1766 1778 1776 
3 1768 1778 1766 
3 1779 1366 1780 
3 1779 1780 835 
3 1780 1366 1350 
3 1780 1350 1347 
3 1780 1347 1340 
3 1780 1340 835 
3 836 838 1779 
3 1779 838 1366 
3 1763 1781 1782 
3 1781 1776 1782 
3 1764 1766 1781 
3 1781 1766 1776 
3 1782 1776 1775 
3 1782 1775 1783 
3 1762 1782 1783 
3 1763 1782 1762 
3 1412 1784 1785 
3 1784 1764 1785 
3 1784 1336 1764 
3 1785 1764 1781 
3 1785 1781 1763 
3 1785 1763 1413 
3 1412 1785 1413 
3 1786 1787 1784 
3 1337 1334 1787 
3 1787 1334 1336 
3 1787 1336 1784 
3 1786 1784 1412 
3 1760 1786 1412 
3 1341 1788 1789 
3 1789 1788 1786 
3 1341 1343 1788 
3 1343 1337 1788 
3 1788 1337 1787 
3 1788 1787 1786 
3 1789 1786 1760 
3 1346 1789 1760 
3 1345 1789 1346 
3 1345 1341 1789 
3 1790 1791 1792 
3 1791 1793 1794 
3 1793 1354 1794 
3 1736 1735 1793 
3 1735 1354 1793 
3 1354 1355 1794 
3 1791 1794 1792 
3 1795 1357 1796 
3 1355 1356 1795 
3 1356 1357 1795 
3 1797 23 1798 
3 750 25 1797 
3 1797 25 23 
3 1798 23 430 
3 1798 430 464 
3 464 1790 1798 
3 815 1799 1421 
3 19 1800 1801 
3 815 1801 1799 
3 19 1801 815 
3 750 1802 705 
3 1803 1330 1804 
3 1802 1803 1804 
3 1804 1330 1327 
3 1804 1327 1358 
3 750 1803 1802 
3 1805 1806 1604 
3 753 1806 1805 
3 1805 1604 1607 
3 751 753 1805 
3 753 606 1806 
3 606 602 1806 
3 1806 602 704 
3 1806 704 1604 
3 787 1362 1807 
3 1362 1350 1807 
3 1807 1350 1366 
3 1807 1366 1364 
3 1796 1808 1809 
3 1809 1363 1328 
3 1360 1809 1328 
3 1796 1809 1360 
3 1357 1808 1796 
3 788 1808 1357 
3 1810 1811 1812 
3 1810 1812 1379 
3 1810 1379 1375 
3 927 929 1811 
3 1811 929 1376 
3 1811 1376 1812 
3 1813 1814 1378 
3 1812 1814 1813 
3 1813 1378 1377 
3 1813 1377 1379 
3 1379 1812 1813 
3 1812 1376 1814 
3 1376 605 1814 
3 1814 605 748 
3 1814 748 1378 
3 1815 1816 1605 
3 1815 1605 749 
3 1683 1815 749 
3 1682 1815 1683 
3 1816 1607 1606 
3 1816 1606 1605 
3 1817 1818 1816 
3 1386 1818 1817 
3 1817 1816 1815 
3 1682 1817 1815 
3 1385 1817 1682 
3 1385 1386 1817 
3 1386 751 1818 
3 751 1805 1818 
3 1818 1805 1607 
3 1818 1607 1816 
3 1396 1819 1820 
3 1399 1820 1819 
3 1397 1819 1396 
3 1397 791 1819 
3 1398 1819 791 
3 1399 1819 1398 
3 1393 1820 1399 
3 1393 1392 1820 
3 893 1820 1392 
3 1396 1820 893 
3 942 1821 1822 
3 942 1822 1407 
3 1045 1821 942 
3 1045 1405 1821 
3 1823 1824 1402 
3 1824 1532 1534 
3 1824 1534 1057 
3 1402 1824 1057 
3 973 1825 1826 
3 1093 1825 973 
3 1093 1577 1825 
3 1404 1826 1406 
3 973 1826 1404 
3 1821 1405 1827 
3 1827 1828 1829 
3 1405 1828 1827 
3 1405 1406 1828 
3 1829 1573 1532 
3 780 739 1830 
3 1830 739 744 
3 1830 744 1831 
3 1831 744 785 
3 1832 1756 1833 
3 1306 1832 1414 
3 1306 1305 1832 
3 1305 1756 1832 
3 1834 1835 1451 
3 992 1834 1451 
3 1451 1835 991 
3 1756 1308 1836 
3 1756 1837 1833 
3 1756 1836 1837 
3 1837 1836 1838 
3 1839 1835 1834 
3 1840 1839 1834 
3 1414 1832 1841 
3 1832 1833 1841 
3 1842 1839 1840 
3 684 1843 1844 
3 203 1844 992 
3 684 1844 203 
3 690 1843 684 
3 690 916 1843 
3 1845 1846 1497 
3 1845 1847 1846 
3 1496 1845 1497 
3 1492 1845 1496 
3 1492 1848 1845 
3 1845 1848 1847 
3 1497 1846 938 
3 1849 1416 784 
3 922 1849 784 
3 922 934 1849 
3 934 1495 1849 
3 1431 1850 1851 
3 1428 1851 814 
3 1431 1851 1428 
3 1852 1759 1853 
3 1852 1850 1431 
3 1431 1758 1852 
3 1852 1758 1759 
3 1853 1759 1321 
3 1853 1854 1855 
3 1421 1855 1854 
3 1422 1854 1642 
3 1422 1421 1854 
3 1421 1799 1855 
3 1799 1850 1855 
3 1852 1855 1850 
3 1853 1855 1852 
3 1856 1642 1857 
3 1857 1322 1856 
3 1857 1642 1854 
3 1857 1854 1853 
3 1853 1321 1857 
3 1857 1321 1322 
3 1856 1322 1426 
3 1856 1426 1425 
3 1425 1643 1856 
3 1856 1643 1642 
3 836 1858 1859 
3 1859 1858 834 
3 836 1779 1858 
3 1779 835 1858 
3 1858 835 834 
3 839 836 1859 
3 1860 1861 1324 
3 1860 1859 1861 
3 1429 1860 1324 
3 720 1860 1429 
3 720 839 1860 
3 839 1859 1860 
3 1859 834 1861 
3 1861 834 1325 
3 1324 1861 1325 
3 1862 1863 1443 
3 1443 1863 1502 
3 1443 128 1862 
3 1862 128 900 
3 1862 900 1440 
3 1440 1864 1865 
3 1862 1865 1863 
3 1440 1865 1862 
3 1439 1864 1440 
3 1439 1438 1864 
3 1442 1864 1438 
3 1866 1867 1437 
3 1866 1702 1867 
3 1437 885 1866 
3 1866 885 1268 
3 1866 1268 1500 
3 1500 1702 1866 
3 1702 1868 1867 
3 1867 1868 1442 
3 1867 1442 1441 
3 1437 1867 1441 
3 1869 1870 1485 
3 1869 1485 1484 
3 1478 1480 1870 
3 1870 1480 1482 
3 1870 1482 1485 
3 1871 1869 1872 
3 1838 1871 1872 
3 1872 1869 1484 
3 1872 1484 1475 
3 1836 1871 1838 
3 1873 1475 1874 
3 1874 1475 909 
3 1838 1872 1873 
3 1873 1872 1475 
3 1875 1876 1452 
3 991 1875 1452 
3 1835 1875 991 
3 1876 1877 1453 
3 1876 1453 1452 
3 1878 1580 1879 
3 1461 1878 1879 
3 1879 1580 1579 
3 1879 1579 1445 
3 1450 1879 1445 
3 1461 1879 1450 
3 1462 1880 1881 
3 911 1880 1462 
3 911 1580 1880 
3 1878 1880 1580 
3 908 1881 909 
3 1462 1881 908 
3 1882 1881 1883 
3 1883 1881 1880 
3 1883 1880 1878 
3 1877 1874 1882 
3 1874 909 1882 
3 1882 909 1881 
3 1884 1885 1454 
3 1884 1883 1885 
3 1453 1884 1454 
3 1877 1884 1453 
3 1877 1882 1884 
3 1884 1882 1883 
3 1885 1883 1878 
3 1885 1878 1461 
3 1885 1461 1455 
3 1454 1885 1455 
3 1886 1044 907 
3 201 1886 907 
3 201 1444 1886 
3 1444 1460 1886 
3 1887 1069 1888 
3 1449 1060 1887 
3 1887 1060 1069 
3 1888 1069 1456 
3 1888 1456 1590 
3 1589 1888 1590 
3 1889 1887 1890 
3 1448 1449 1889 
3 1889 1449 1887 
3 1890 1887 1888 
3 1890 1888 1589 
3 1044 1890 1589 
3 781 1891 1892 
3 1891 1465 1892 
3 917 1891 781 
3 917 1470 1891 
3 1470 1463 1891 
3 1891 1463 1465 
3 740 1892 1333 
3 781 1892 740 
3 1893 1894 1767 
3 1465 1894 1893 
3 1893 1767 1335 
3 1333 1893 1335 
3 1892 1893 1333 
3 1892 1465 1893 
3 1465 1464 1894 
3 1464 734 1894 
3 1894 734 1769 
3 1894 1769 1767 
3 1847 1895 1896 
3 1895 992 1896 
3 1848 1895 1847 
3 1848 1840 1895 
3 1840 1834 1895 
3 1895 1834 992 
3 1896 992 1844 
3 1897 1843 1898 
3 1896 1844 1897 
3 1897 1844 1843 
3 1898 1843 916 
3 1898 916 1469 
3 1467 1898 1469 
3 1899 1900 1748 
3 1899 1742 1900 
3 1747 1899 1748 
3 1746 1899 1747 
3 1746 1741 1899 
3 1741 1742 1899 
3 998 1900 1742 
3 693 1900 998 
3 693 1726 1900 
3 1748 1900 1726 
3 1901 1474 1741 
3 1744 1901 1741 
3 1481 1901 1744 
3 1902 1477 1903 
3 1902 1903 1871 
3 1477 1478 1903 
3 1903 1478 1870 
3 1903 1870 1869 
3 1871 1903 1869 
3 1836 1902 1871 
3 1308 1902 1836 
3 1308 1476 1902 
3 1476 1477 1902 
3 1728 1730 1904 
3 1904 1730 1727 
3 1904 1727 927 
3 1905 1906 1494 
3 938 1905 1494 
3 1846 1905 938 
3 1906 1467 1466 
3 1906 1466 1495 
3 1494 1906 1495 
3 1907 1908 1502 
3 1908 971 1502 
3 1907 1502 1863 
3 1503 1909 1910 
3 1539 1503 1910 
3 192 1911 1912 
3 191 1911 192 
3 191 1541 1911 
3 1503 1912 1909 
3 976 1912 1503 
3 192 1912 976 
3 1913 1679 1914 
3 1914 1679 1243 
3 1914 1243 1664 
3 1519 1518 1915 
3 1916 1917 1918 
3 1509 1916 1918 
3 1507 1916 1509 
3 1917 1913 1914 
3 1514 1919 1920 
3 1919 1519 1920 
3 1506 1919 1514 
3 1506 1515 1919 
3 1515 1516 1919 
3 1919 1516 1519 
3 1514 1920 1508 
3 1507 1921 1922 
3 1508 1921 1507 
3 1508 1920 1921 
3 1922 1913 1917 
3 1916 1922 1917 
3 1507 1922 1916 
3 1923 1924 1925 
3 1924 1678 1925 
3 1925 1678 1679 
3 1913 1925 1679 
3 1926 1927 1676 
3 1528 1927 1926 
3 1926 1676 1678 
3 1924 1926 1678 
3 1528 1371 1927 
3 1371 1247 1927 
3 1927 1247 1245 
3 1927 1245 1676 
3 1928 1929 1924 
3 1065 1929 1928 
3 1928 1924 1923 
3 1915 1928 1923 
3 1929 1065 1064 
3 1064 1528 1929 
3 1929 1528 1926 
3 1929 1926 1924 
3 1930 1526 1931 
3 1930 1931 1518 
3 1526 1065 1931 
3 1931 1065 1928 
3 1931 1928 1915 
3 1518 1931 1915 
3 1517 1930 1518 
3 1524 1930 1517 
3 1524 1527 1930 
3 1527 1526 1930 
3 1932 1584 1933 
3 1584 1513 1933 
3 1933 1513 1523 
3 1521 1932 1522 
3 1521 1583 1932 
3 1583 1584 1932 
3 1934 1933 1935 
3 1933 1523 1935 
3 1935 1523 1525 
3 1594 1522 1934 
3 1522 1932 1934 
3 1932 1933 1934 
3 1530 1936 1937 
3 1936 1935 1937 
3 1596 1936 1530 
3 1596 1594 1936 
3 1594 1934 1936 
3 1936 1934 1935 
3 1937 1935 1525 
3 1937 1525 1529 
3 1531 1937 1529 
3 1530 1937 1531 
3 1938 1939 1536 
3 1940 1939 1938 
3 1938 1536 1071 
3 1072 1938 1071 
3 1601 1938 1072 
3 1601 1940 1938 
3 1940 1599 1939 
3 1599 1595 1939 
3 1939 1595 1596 
3 1939 1596 1536 
3 1941 543 1942 
3 1942 543 641 
3 1942 641 1943 
3 544 1941 1220 
3 543 1941 544 
3 1944 1945 1538 
3 1214 1944 1538 
3 1639 1944 1214 
3 1639 1537 1944 
3 1946 1947 1945 
3 1946 1078 1947 
3 1944 1946 1945 
3 1537 1946 1944 
3 1537 1423 1946 
3 1946 1423 1078 
3 1947 1078 1540 
3 1945 1947 1948 
3 1949 1950 1951 
3 640 1952 1953 
3 1952 1950 1953 
3 1538 1952 640 
3 1538 1945 1952 
3 1945 1948 1952 
3 1952 1948 1950 
3 1949 1953 1950 
3 1943 1953 1949 
3 1943 641 1953 
3 640 1953 641 
3 1540 1954 1955 
3 1540 1539 1954 
3 1539 1910 1954 
3 1954 1910 1956 
3 1947 1955 1948 
3 1947 1540 1955 
3 1957 1543 1958 
3 1958 1543 1051 
3 1958 1051 1762 
3 1762 1783 1958 
3 1545 800 1957 
3 1957 800 1543 
3 1553 1959 1960 
3 1959 1549 1960 
3 1959 1553 1080 
3 1080 1548 1959 
3 1959 1548 1549 
3 1960 1549 1550 
3 1960 1550 1562 
3 1552 1960 1562 
3 1553 1960 1552 
3 1911 1961 1962 
3 1911 1541 1961 
3 1541 1554 1961 
3 1912 1962 1909 
3 1912 1911 1962 
3 1909 1963 1964 
3 1909 1962 1963 
3 1910 1964 1956 
3 1910 1909 1964 
3 1965 1964 1966 
3 1966 1288 1965 
3 1966 1964 1963 
3 1966 1557 1288 
3 1965 1288 1555 
3 1965 1956 1964 
3 1967 1556 1968 
3 1567 1570 1967 
3 1967 1570 1556 
3 1968 1556 1557 
3 1968 1557 1966 
3 1966 1963 1968 
3 1961 1969 1970 
3 1967 1970 1969 
3 1961 1554 1969 
3 1554 1563 1969 
3 1567 1969 1563 
3 1967 1969 1567 
3 1968 1970 1967 
3 1968 1963 1970 
3 1962 1970 1963 
3 1962 1961 1970 
3 1971 1972 1571 
3 1566 1972 1971 
3 1971 1571 1569 
3 1568 1971 1569 
3 1565 1971 1568 
3 1565 1566 1971 
3 1566 1574 1972 
3 1574 1560 1972 
3 1972 1560 1572 
3 1972 1572 1571 
3 1973 1974 1940 
3 1973 1940 1601 
3 1974 1578 1591 
3 1974 1591 1599 
3 1974 1599 1940 
3 1577 1975 1976 
3 1973 1976 1975 
3 1576 1975 1577 
3 1576 1578 1975 
3 1974 1975 1578 
3 1973 1975 1974 
3 1577 1976 1825 
3 1826 1977 1978 
3 1825 1977 1826 
3 1825 1976 1977 
3 1826 1978 1406 
3 1979 1980 1096 
3 1979 1977 1980 
3 1979 1096 1098 
3 1600 1979 1098 
3 1600 1978 1979 
3 1979 1978 1977 
3 1980 1977 1976 
3 1980 1976 1973 
3 1980 1973 1601 
3 1980 1601 1096 
3 1828 1981 1982 
3 1603 1982 1981 
3 1406 1981 1828 
3 1406 1978 1981 
3 1600 1981 1978 
3 1603 1981 1600 
3 1602 1982 1603 
3 1602 1573 1982 
3 1829 1982 1573 
3 1828 1982 1829 
3 1983 1736 1984 
3 1984 1736 1793 
3 1984 1793 1791 
3 1608 1359 1983 
3 1359 1732 1983 
3 1983 1732 1736 
3 1985 1984 1986 
3 1118 1985 1986 
3 1986 1984 1791 
3 1986 1791 1790 
3 464 1986 1790 
3 1118 1986 464 
3 1606 1985 1118 
3 1606 1608 1985 
3 1608 1983 1985 
3 1985 1983 1984 
3 1615 1987 1988 
3 1615 1988 1618 
3 1614 1987 1615 
3 1989 1613 1990 
3 1989 1990 1987 
3 1613 1183 1990 
3 1990 1183 1621 
3 1614 1989 1987 
3 1180 1989 1614 
3 1182 1989 1180 
3 1182 1613 1989 
3 1991 1618 1992 
3 1617 1991 1619 
3 1617 1616 1991 
3 1616 1618 1991 
3 1992 1993 1994 
3 1994 1993 1995 
3 1996 1179 518 
3 1161 1996 518 
3 507 1996 1161 
3 1609 1996 507 
3 1994 1995 1997 
3 1998 1621 1999 
3 1998 1999 2000 
3 1621 1622 1999 
3 1999 1622 1623 
3 1999 1623 2001 
3 2000 1999 2001 
3 1988 1998 2000 
3 1987 1998 1988 
3 1987 1990 1998 
3 1990 1621 1998 
3 1995 2002 2003 
3 1993 2002 1995 
3 2003 2004 2005 
3 1630 2005 1633 
3 2003 2005 1630 
3 2002 2004 2003 
3 2002 2006 2004 
3 2007 1625 2008 
3 2006 2007 2008 
3 2008 1625 1631 
3 2006 2008 2004 
3 2001 2007 2006 
3 2001 1623 2007 
3 1623 1624 2007 
3 2007 1624 1625 
3 2009 2010 1627 
3 1997 2010 2009 
3 2009 1627 1179 
3 1996 2009 1179 
3 1996 1997 2009 
3 1997 1995 2010 
3 1995 2003 2010 
3 2010 2003 1630 
3 2010 1630 1627 
3 2011 1632 2012 
3 2005 2011 2012 
3 2012 1632 1198 
3 2012 1198 1634 
3 1633 2012 1634 
3 2005 2012 1633 
3 2004 2011 2005 
3 2004 2008 2011 
3 2008 1631 2011 
3 2011 1631 1632 
3 1719 2013 2014 
3 1220 2013 1719 
3 1220 1941 2013 
3 1942 2013 1941 
3 1719 2014 1718 
3 1949 2015 2016 
3 1951 2015 1949 
3 1949 2016 1943 
3 2017 1721 2018 
3 2018 1721 1649 
3 2018 1649 1646 
3 1662 1720 2017 
3 2017 1720 1721 
3 2019 2020 1653 
3 1650 2020 2019 
3 2019 1653 1652 
3 1647 2019 1652 
3 1649 2019 1647 
3 1649 1650 2019 
3 1650 1219 2020 
3 1218 2020 1219 
3 2020 1218 1644 
3 2020 1644 1653 
3 2021 2022 1669 
3 2021 1918 2022 
3 1510 2021 1669 
3 1509 2021 1510 
3 1509 1918 2021 
3 1669 2022 1724 
3 1224 1663 2023 
3 2024 2025 2026 
3 1718 2014 2026 
3 2024 2023 2025 
3 2027 2018 2028 
3 2028 2025 2027 
3 2028 2018 1646 
3 2028 1646 1718 
3 1718 2026 2028 
3 2028 2026 2025 
3 2027 2017 2018 
3 2029 1662 2030 
3 2030 1662 2017 
3 2030 2017 2027 
3 2029 1661 1662 
3 1723 2031 2032 
3 1667 2032 2031 
3 1668 2031 1672 
3 1668 1667 2031 
3 1667 1669 2032 
3 1669 1724 2032 
3 1722 2032 1724 
3 1723 2032 1722 
3 2033 1660 2034 
3 2034 1672 2033 
3 2034 1660 1661 
3 2034 1661 2029 
3 2029 1673 2034 
3 2034 1673 1672 
3 2033 1672 2031 
3 2033 2031 1723 
3 1723 1659 2033 
3 2033 1659 1660 
3 2022 2035 2036 
3 2035 1664 2036 
3 1918 2035 2022 
3 1918 1917 2035 
3 1917 1914 2035 
3 2035 1914 1664 
3 1291 2036 1664 
3 1292 2036 1291 
3 1292 1724 2036 
3 2022 2036 1724 
3 2030 2037 2038 
3 1663 2038 2037 
3 2027 2037 2030 
3 2027 2025 2037 
3 2023 2037 2025 
3 2023 1663 2037 
3 1663 1666 2038 
3 1666 1673 2038 
3 2029 2038 1673 
3 2030 2038 2029 
3 1704 2039 2040 
3 1704 1703 2039 
3 1703 1691 2039 
3 2039 2041 2042 
3 2042 2041 1700 
3 2039 1691 2041 
3 1691 1498 2041 
3 2041 1498 1701 
3 2041 1701 1700 
3 2042 1700 1708 
3 2040 2039 2042 
3 1694 2043 2044 
3 1273 2043 1694 
3 1273 1697 2043 
3 1692 2044 1693 
3 1694 2044 1692 
3 1709 1711 2045 
3 2046 1908 1907 
3 2047 2046 1907 
3 2048 2049 1908 
3 2048 1714 2049 
3 2046 2048 1908 
3 2045 2048 2046 
3 2045 1711 2048 
3 1711 1714 2048 
3 1714 969 2049 
3 971 2049 969 
3 1908 2049 971 
3 2050 2051 2052 
3 2052 2051 1865 
3 2050 2047 2051 
3 2047 1907 2051 
3 2051 1907 1863 
3 2051 1863 1865 
3 2052 1865 1864 
3 1442 2052 1864 
3 1868 2052 1442 
3 1868 2050 2052 
3 2044 2053 2054 
3 2043 2053 2044 
3 2043 1697 2053 
3 2044 2054 1693 
3 2055 2045 2056 
3 1707 1709 2055 
3 2055 1709 2045 
3 2056 2045 2046 
3 2056 2046 2047 
3 2054 2057 2058 
3 2058 2057 2050 
3 2057 2056 2047 
3 2057 2047 2050 
3 2058 2050 1868 
3 1702 2058 1868 
3 1693 2058 1702 
3 1693 2054 2058 
3 2053 2059 2060 
3 2059 2055 2060 
3 1697 2059 2053 
3 1697 1696 2059 
3 1696 1707 2059 
3 2059 1707 2055 
3 2060 2055 2056 
3 2060 2056 2057 
3 2054 2060 2057 
3 2053 2060 2054 
3 1705 2061 2062 
3 2062 2061 2063 
3 1705 1279 2061 
3 1279 1704 2061 
3 2061 1704 2040 
3 2061 2040 2063 
3 2062 2063 1706 
3 1275 2062 1706 
3 1274 2062 1275 
3 1274 1705 2062 
3 2063 2064 2065 
3 2065 2064 1710 
3 2063 2040 2064 
3 2040 2042 2064 
3 2064 2042 1708 
3 2064 1708 1710 
3 2065 1710 1709 
3 1707 2065 1709 
3 1706 2065 1707 
3 1706 2063 2065 
3 2066 2067 2014 
3 2016 2067 2066 
3 2066 2014 2013 
3 1942 2066 2013 
3 1943 2066 1942 
3 1943 2016 2066 
3 2067 2024 2026 
3 2067 2026 2014 
3 2068 2069 2024 
3 1717 2069 2068 
3 2068 2024 2067 
3 2016 2068 2067 
3 2015 2068 2016 
3 2015 1717 2068 
3 1717 1284 2069 
3 1224 2069 1284 
3 2069 1224 2023 
3 2069 2023 2024 
3 2070 1716 2071 
3 1555 1715 2070 
3 2070 1715 1716 
3 2071 1716 1717 
3 2071 1717 2015 
3 1951 2071 2015 
3 1957 2072 2073 
3 1958 2072 1957 
3 1958 1783 2072 
3 1545 2073 1546 
3 1957 2073 1545 
3 1546 2074 2075 
3 2073 2074 1546 
3 2075 1823 1402 
3 1547 2075 1402 
3 1546 2075 1547 
3 2076 2077 2074 
3 2076 1822 2077 
3 1772 1407 2076 
3 1407 1822 2076 
3 2077 1823 2075 
3 2074 2077 2075 
3 2072 2078 2079 
3 2078 1772 2079 
3 1783 2078 2072 
3 1783 1775 2078 
3 1775 1770 2078 
3 1770 1772 2078 
3 1772 2076 2079 
3 2079 2076 2074 
3 2073 2079 2074 
3 2072 2079 2073 
3 1797 2080 2081 
3 750 2081 1803 
3 1797 2081 750 
3 1798 2080 1797 
3 1798 1790 2080 
3 1790 1792 2080 
3 2081 2082 2083 
3 2083 1360 1330 
3 1803 2083 1330 
3 2081 2083 1803 
3 2080 2082 2081 
3 2080 1792 2082 
3 2082 2084 2085 
3 2084 1795 2085 
3 1792 2084 2082 
3 1792 1794 2084 
3 1794 1355 2084 
3 1355 1795 2084 
3 1795 1796 2085 
3 2085 1796 1360 
3 2083 2085 1360 
3 2082 2085 2083 
3 2086 2087 1851 
3 1800 2087 2086 
3 2086 1851 1850 
3 1799 2086 1850 
3 1801 2086 1799 
3 1801 1800 2086 
3 1800 1757 2087 
3 1757 816 2087 
3 2087 816 814 
3 2087 814 1851 
3 2088 2089 1757 
3 705 2089 2088 
3 2088 1757 1800 
3 19 2088 1800 
3 705 2088 19 
3 705 1802 2089 
3 1802 1804 2089 
3 2089 1804 1358 
3 2089 1358 1757 
3 2090 1364 2091 
3 1808 2090 2091 
3 2091 1364 1365 
3 2091 1365 1363 
3 1809 2091 1363 
3 1808 2091 1809 
3 788 2090 1808 
3 787 2090 788 
3 787 1807 2090 
3 2090 1807 1364 
3 2092 2093 1823 
3 2092 1827 2093 
3 2077 2092 1823 
3 1822 2092 2077 
3 1822 1821 2092 
3 1821 1827 2092 
3 1827 1829 2093 
3 2093 1829 1532 
3 2093 1532 1824 
3 1823 2093 1824 
3 2094 1830 2095 
3 2095 1830 1831 
3 921 780 2094 
3 2094 780 1830 
3 2096 2097 1417 
3 2096 1831 2097 
3 1416 2096 1417 
3 1416 2095 2096 
3 2095 1831 2096 
3 1831 785 2097 
3 2097 785 1342 
3 2097 1342 1432 
3 1417 2097 1432 
3 1491 2098 2099 
3 2098 1842 2099 
3 1415 2098 1491 
3 1415 1414 2098 
3 1414 1841 2098 
3 2098 1841 1842 
3 2099 1842 1840 
3 2099 1840 1848 
3 1492 2099 1848 
3 1491 2099 1492 
3 1833 2100 2101 
3 1842 2101 1839 
3 1841 2101 1842 
3 1841 1833 2101 
3 1833 1837 2100 
3 2102 1873 2103 
3 1837 2102 2100 
3 1837 1838 2102 
3 2102 1838 1873 
3 2103 1873 1874 
3 2103 1874 1877 
3 2103 1877 1876 
3 2104 2105 1875 
3 2100 2105 2104 
3 2104 1875 1835 
3 1839 2104 1835 
3 2101 2104 1839 
3 2101 2100 2104 
3 2100 2102 2105 
3 2102 2103 2105 
3 2105 2103 1876 
3 2105 1876 1875 
3 2106 2094 2107 
3 1849 2106 2107 
3 2107 2094 2095 
3 2107 2095 1416 
3 1849 2107 1416 
3 1495 2106 1849 
3 1495 1466 2106 
3 1466 921 2106 
3 2106 921 2094 
3 1886 2108 2109 
3 2108 1889 2109 
3 1460 2108 1886 
3 1460 1450 2108 
3 1450 1448 2108 
3 2108 1448 1889 
3 2109 1889 1890 
3 2109 1890 1044 
3 1886 2109 1044 
3 1905 2110 2111 
3 2110 1897 2111 
3 1846 2110 1905 
3 1846 1847 2110 
3 1847 1896 2110 
3 2110 1896 1897 
3 2111 1897 1898 
3 2111 1898 1467 
3 1906 2111 1467 
3 1905 2111 1906 
3 2112 2113 931 
3 2114 2113 2112 
3 1474 2112 931 
3 1901 2112 1474 
3 2113 1493 1490 
3 931 2113 1490 
3 2115 2114 2116 
3 1479 2115 2116 
3 2116 2114 2112 
3 2116 2112 1901 
3 1481 2116 1901 
3 1479 2116 1481 
3 1314 2115 1479 
3 1314 1312 2115 
3 2117 1904 2118 
3 2117 2118 1375 
3 1904 927 2118 
3 2118 927 1811 
3 2118 1811 1810 
3 1375 2118 1810 
3 2117 1375 1488 
3 1488 1728 2117 
3 1728 1904 2117 
3 1921 2119 2120 
3 2119 1923 2120 
3 1920 2119 1921 
3 1920 1519 2119 
3 1519 1915 2119 
3 2119 1915 1923 
3 2120 1923 1925 
3 2120 1925 1913 
3 1922 2120 1913 
3 1921 2120 1922 
3 1955 2121 2122 
3 1955 1954 2121 
3 1954 1956 2121 
3 1951 1950 2122 
3 1948 2122 1950 
3 1948 1955 2122 
3 2123 2121 2124 
3 2124 2070 2123 
3 2124 2121 1956 
3 2124 1956 1965 
3 1965 1555 2124 
3 2124 1555 2070 
3 2123 2070 2071 
3 2123 2071 1951 
3 1951 2122 2123 
3 2123 2122 2121 
3 2125 2000 2126 
3 2125 2126 1993 
3 2000 2001 2126 
3 2126 2001 2006 
3 2126 2006 2002 
3 1993 2126 2002 
3 1992 2125 1993 
3 1618 2125 1992 
3 1618 1988 2125 
3 1988 2000 2125 
3 2127 1994 2128 
3 1609 2127 2128 
3 2128 1994 1997 
3 2128 1997 1996 
3 1609 2128 1996 
3 1619 2127 1609 
3 1619 1991 2127 
3 1991 1992 2127 
3 2127 1992 1994 
3 2129 2130 2114 
3 2129 1415 2130 
3 2115 2129 2114 
3 1312 2129 2115 
3 1312 1311 2129 
3 1311 1415 2129 
3 1415 1491 2130 
3 2130 1491 1493 
3 2130 1493 2113 
3 2114 2130 2113 
3 2131 2132 2133 
3 2134 2135 2132 
3 2136 2133 2135 
3 2132 2135 2133 
3 2137 2138 2139 
3 2140 2141 2138 
3 2134 2139 2141 
3 2138 2141 2139 
3 2136 2144 2142 
3 2140 2143 2144 
3 2142 2144 2143 
3 2134 2141 2135 
3 2140 2144 2141 
3 2136 2135 2144 
3 2141 2144 2135 
3 2133 2145 2131 
3 2145 2147 2146 
3 2147 2133 2136 
3 2133 2147 2145 
3 2150 2149 2148 
3 2149 2152 2151 
3 2152 2150 2146 
3 2150 2152 2149 
3 2142 2154 2136 
3 2154 2153 2151 
3 2153 2154 2142 
3 2147 2152 2146 
3 2152 2154 2151 
3 2154 2147 2136 
3 2147 2154 2152 
3 2157 2156 2155 
3 2156 2159 2158 
3 2159 2157 2160 
3 2157 2159 2156 
3 2163 2162 2161 
3 2162 2165 2164 
3 2165 2163 2158 
3 2163 2165 2162 
3 2167 2166 2148 
3 2166 2168 2160 
3 2168 2167 2164 
3 2167 2168 2166 
3 2159 2165 2158 
3 2165 2168 2164 
3 2168 2159 2160 
3 2159 2168 2165 
3 2149 2167 2148 
3 2167 2169 2164 
3 2149 2169 2167 
3 2170 2162 2164 
3 2169 2170 2164 
3 2171 2132 2131 
3 2132 2172 2134 
3 2172 2171 2173 
3 2171 2172 2132 
3 2139 2174 2137 
3 2174 2176 2175 
3 2176 2139 2134 
3 2139 2176 2174 
3 2177 2179 2173 
3 2179 2178 2175 
3 2178 2179 2177 
3 2172 2176 2134 
3 2176 2179 2175 
3 2179 2172 2173 
3 2172 2179 2176 
3 2131 2145 2171 
3 2146 2180 2145 
3 2173 2171 2180 
3 2145 2180 2171 
3 2148 2181 2150 
3 2182 2183 2181 
3 2146 2150 2183 
3 2181 2183 2150 
3 2173 2185 2177 
3 2182 2184 2185 
3 2177 2185 2184 
3 2146 2183 2180 
3 2182 2185 2183 
3 2173 2180 2185 
3 2183 2185 2180 
3 2155 2186 2157 
3 2187 2188 2186 
3 2160 2157 2188 
3 2186 2188 2157 
3 2189 2190 2191 
3 2192 2193 2190 
3 2187 2191 2193 
3 2190 2193 2191 
3 2148 2166 2194 
3 2160 2195 2166 
3 2192 2194 2195 
3 2166 2195 2194 
3 2187 2193 2188 
3 2192 2195 2193 
3 2160 2188 2195 
3 2193 2195 2188 
3 2148 2194 2181 
3 2192 2196 2194 
3 2194 2196 2181 
3 2192 2190 2197 
3 2192 2197 2196 
3 2155 2156 2199 
3 2158 2200 2156 
3 2201 2199 2200 
3 2156 2200 2199 
3 2161 2202 2163 
3 2203 2204 2202 
3 2158 2163 2204 
3 2202 2204 2163 
3 2198 2205 2206 
3 2201 2207 2205 
3 2203 2206 2207 
3 2205 2207 2206 
3 2158 2204 2200 
3 2203 2207 2204 
3 2201 2200 2207 
3 2204 2207 2200 
3 2203 2208 2206 
3 2199 2186 2155 
3 2186 2209 2187 
3 2209 2199 2201 
3 2199 2209 2186 
3 2191 2210 2189 
3 2210 2212 2211 
3 2212 2191 2187 
3 2191 2212 2210 
3 2213 2205 2198 
3 2205 2214 2201 
3 2214 2213 2211 
3 2213 2214 2205 
3 2209 2212 2187 
3 2212 2214 2211 
3 2214 2209 2201 
3 2209 2214 2212 
3 2213 2215 2211 
3 2216 2210 2211 
3 2215 2216 2211 
3 2217 144 14 
3 14 340 2217 
3 2218 144 2217 
3 2217 340 145 
3 2217 145 2218 
3 15 144 2219 
3 2219 143 15 
3 2219 144 2218 
3 2218 145 143 
3 2218 143 2219 
3 16 2219 15 
3 2219 16 2218 
3 15 2219 2217 
3 16 2217 2218 
3 2217 16 14 
3 2217 14 15 
3 2218 2217 2219 
3 86 84 2220 
3 2220 85 86 
3 85 2221 80 
3 78 80 2221 
3 2226 2215 2227 
3 2215 2226 2228 
3 2215 2228 2216 
3 2227 2215 2229 
3 2229 2215 2213 
3 2231 2229 2213 
3 2213 2198 2230 
3 2213 2230 2231 
3 2228 2233 2216 
3 2216 2233 2232 
3 2232 2210 2216 
3 2210 2232 2234 
3 2235 2236 2189 
3 2235 2189 2237 
3 2190 2189 2236 
3 2190 2236 2238 
3 2240 2197 2190 
3 2240 2190 2238 
3 2239 2197 2240 
3 2239 2241 2197 
3 2198 2206 2244 
3 2243 2244 2206 
3 2242 2198 2244 
3 2243 2206 2245 
3 2208 2245 2206 
3 2248 2208 2247 
3 2208 2248 2246 
3 2208 2203 2247 
3 2250 2247 2203 
3 2203 2202 2249 
3 2249 2250 2203 
3 2249 2202 2251 
3 2253 2161 2252 
3 2253 2254 2161 
3 2161 2162 2252 
3 2256 2252 2162 
3 2162 2170 2257 
3 2257 2256 2162 
3 2255 2258 2170 
3 2170 2258 2257 
3 939 149 2259 
3 2260 345 2259 
3 2260 2259 149 
3 149 148 2260 
3 345 2260 148 
3 345 344 2261 
3 142 2261 344 
3 151 150 2262 
3 147 2262 150 
3 662 2263 85 
3 2221 2263 78 
3 2221 85 2263 
3 78 2263 662 
3 86 2264 2220 
3 2220 2264 2263 
3 86 2220 83 
3 80 83 2221 
3 2221 83 2220 
3 2221 2263 80 
3 2263 2221 2220 
3 2264 86 85 
3 85 80 2263 
3 85 2263 2264 
3 84 2264 2220 
3 2264 84 664 
3 2264 85 2220 
3 85 2264 664 
3 2267 2153 2265 
3 2151 2153 2267 
3 2151 2267 2266 
3 2265 2153 2269 
3 2269 2153 2142 
3 2270 2269 2142 
3 2268 2271 2143 
3 2270 2142 2271 
3 2271 2142 2143 
3 2272 2268 2143 
3 2272 2143 2140 
3 2140 2273 2272 
3 2276 2138 2275 
3 2137 2275 2138 
3 2277 2137 2274 
3 2275 2137 2277 
3 2279 2138 2276 
3 2278 2140 2279 
3 2138 2279 2140 
3 2182 2281 2184 
3 2281 2182 2280 
3 2196 2222 2223 
3 2182 2282 2280 
3 2175 2284 2285 
3 2178 2286 2175 
3 2286 2284 2175 
3 2283 2174 2287 
3 2175 2285 2287 
3 2287 2174 2175 
3 2289 2291 2184 
3 2184 2291 2177 
3 2291 2292 2177 
3 2290 2178 2293 
3 2177 2292 2293 
3 2293 2178 2177 
3 768 2294 134 
3 101 134 2294 
3 2295 768 767 
3 767 769 2295 
3 2296 134 2297 
3 98 97 2296 
3 98 2296 2297 
3 2297 134 101 
3 101 98 2297 
3 773 2294 768 
3 2294 773 2296 
3 773 2297 2296 
3 2297 773 101 
3 2297 101 2294 
3 2296 2297 2294 
3 767 2298 2295 
3 2295 2298 134 
3 767 2295 97 
3 134 2296 2294 
3 2294 97 2295 
3 97 2294 2296 
3 134 2294 2295 
3 2298 767 768 
3 768 134 2298 
3 768 2295 2298 
3 2295 769 2298 
3 2298 769 775 
3 2298 775 768 
3 915 913 2299 
3 912 2299 913 
3 913 915 2300 
3 131 2300 915 
3 913 2301 2299 
3 2299 688 687 
3 688 2299 2301 
3 2299 687 913 
3 913 2300 2301 
3 2301 131 688 
3 131 2301 2300 
3 914 915 2300 
3 2300 915 2299 
3 914 2300 2301 
3 2299 912 914 
3 2299 2301 2300 
3 2299 914 2301 
3 2260 346 2259 
3 346 2260 148 
3 2260 2259 2302 
3 148 2260 2302 
3 2302 346 344 
3 346 2302 2259 
3 345 148 2302 
3 2302 344 345 
3 348 2261 344 
3 2303 2261 15 
3 2303 344 2261 
3 15 2261 348 
3 344 2303 142 
3 15 142 2303 
3 2259 345 2302 
3 939 2259 2302 
3 2302 2303 939 
3 2302 345 2303 
3 939 2303 142 
3 345 2261 2303 
3 142 2303 2261 
3 150 350 2262 
3 2262 350 148 
3 2262 2304 150 
3 2262 148 2304 
3 150 2304 147 
3 148 147 2304 
3 944 151 2304 
3 147 944 2304 
3 2262 2304 151 
3 147 2304 2262 
3 1021 2305 2306 
3 2306 263 38 
3 263 2306 2305 
3 59 58 2307 
3 1020 2307 58 
3 63 59 2308 
3 2307 1020 2308 
3 2307 2308 59 
3 2307 263 2308 
3 263 2307 58 
3 2307 2308 1021 
3 58 2307 1021 
3 2308 2305 1021 
3 2305 2308 263 
3 2305 63 2308 
3 2305 2308 1020 
3 2305 2306 63 
3 2306 2305 2309 
3 261 63 2309 
3 2305 1020 2309 
3 2309 63 2306 
3 1020 1021 2309 
3 261 2309 1021 
3 37 2309 38 
3 2309 37 1021 
3 2306 38 2309 
3 2306 2309 1021 
3 2310 2273 2140 
3 2278 2310 2140 
3 2169 2311 2225 
3 2311 2169 2149 
3 2151 2288 2311 
3 2151 2311 2149 
3 136 2313 2266 
3 136 2266 2267 
3 170 2267 2265 
3 2267 170 136 
3 2265 2269 170 
3 170 2269 2270 
3 2273 2310 685 
3 2273 685 2272 
3 2268 170 2271 
3 2272 685 170 
3 2272 170 2268 
3 170 2270 2271 
3 2224 2169 2225 
3 2312 2151 2313 
3 2151 2312 2288 
3 2266 2313 2151 
3 2255 2169 2314 
3 2169 2255 2170 
3 2224 2314 2169 
3 2278 2279 685 
3 2313 136 2312 
3 2278 685 2310 
3 2315 691 2274 
3 2274 691 2277 
3 2276 2275 685 
3 2277 685 2275 
3 685 2277 691 
3 2276 685 2279 
3 2283 2315 2174 
3 2315 2274 2137 
3 2315 2137 2174 
3 2316 2178 2290 
3 2178 2316 2286 
3 2196 2223 2317 
3 2196 2317 2181 
3 2317 2182 2181 
3 2182 2317 2282 
3 686 2292 2291 
3 135 2289 2318 
3 2291 2289 686 
3 135 686 2289 
3 2293 686 2290 
3 686 2293 2292 
3 686 2316 2290 
3 2316 686 691 
3 135 2282 2317 
3 2282 135 2280 
3 2281 2280 135 
3 135 2318 2281 
3 136 2288 2312 
3 2288 136 2311 
3 2286 691 2284 
3 691 2286 2316 
3 2285 2284 691 
3 2283 2287 691 
3 2315 2283 691 
3 2285 691 2287 
3 2318 2289 2184 
3 2318 2184 2281 
3 135 2317 2223 
3 2222 2319 135 
3 2223 2222 135 
3 2311 136 2225 
3 2225 136 2224 
3 2314 2224 136 
3 2319 2196 2197 
3 2319 2197 2241 
3 2319 2222 2196 
3 2245 2208 2320 
3 2320 2208 2246 
3 2314 136 2255 
3 2258 2255 169 
3 2257 2258 169 
3 2255 136 169 
3 2252 2256 169 
3 2253 2252 169 
3 2321 2254 169 
3 169 2254 2253 
3 2256 2257 169 
3 2320 2246 139 
3 139 2246 2248 
3 2248 2247 139 
3 2251 2321 169 
3 2251 169 2249 
3 2250 2249 169 
3 2247 2250 169 
3 169 139 2247 
3 2251 2202 2321 
3 2254 2202 2161 
3 2254 2321 2202 
3 137 2242 139 
3 2242 137 2322 
3 2245 2320 139 
3 2244 2243 139 
3 139 2243 2245 
3 2244 139 2242 
3 2198 2322 2230 
3 2322 2198 2242 
3 2236 2235 138 
3 2238 2236 138 
3 138 2237 2323 
3 2237 138 2235 
3 2238 138 2240 
3 2241 135 2319 
3 135 2241 2239 
3 2239 2240 135 
3 135 2240 138 
3 138 2323 2234 
3 138 2234 2232 
3 2233 2228 138 
3 2233 138 2232 
3 2228 137 138 
3 137 2228 2226 
3 2226 2227 137 
3 2229 2231 137 
3 2230 2322 137 
3 2231 2230 137 
3 2227 2229 137 
3 2323 2237 2189 
3 2323 2210 2234 
3 2210 2323 2189 
